campaign_id,campaign_name,channel,market,route,cabin_class,start_date,end_date,duration_days,spend_hkd,impressions,clicks,ctr,conversion_rate,bookings,revenue_hkd,roas,cac_hkd,avg_booking_value
CAMP00000,AU ICN Bus Paid Q3,Paid Search,AU,HKG-ICN,Business,2024-08-20,2024-10-03,44,400115,9584303,269318,0.0281,0.0256,5000,118210000,295.44,80,23642
CAMP00001,CN TPE Pre Out-of-Home Q3,Out-of-Home,CN,HKG-TPE,Premium Economy,2023-02-12,2023-02-24,12,704668,57063925,2128484,0.0373,0.022,5000,120560000,171.09,141,24112
CAMP00002,TH CDG Eco Affiliate Q3,Affiliate,TH,HKG-CDG,Economy,2023-09-28,2023-11-13,46,93693,3449166,79330,0.023,0.0192,1523,15044194,160.57,62,9878
CAMP00003,KR MEL Pre Email Q4,Email CRM,KR,HKG-MEL,Premium Economy,2023-11-08,2023-11-20,12,48226,1271355,22884,0.018,0.0211,482,7752488,160.75,100,16084
CAMP00004,UK JFK Bus Email Q4,Email CRM,UK,HKG-JFK,Business,2024-06-26,2024-07-05,9,36720,742290,742,0.001,0.0111,8,54496,1.48,4590,6812
CAMP00005,SG MEL Eco Out-of-Home Q1,Out-of-Home,SG,HKG-MEL,Economy,2023-03-29,2023-04-11,13,433821,15310400,500650,0.0327,0.0249,5000,85580000,197.27,87,17116
CAMP00006,US ICN Fir Paid Q3,Paid Search,US,HKG-ICN,First,2023-10-23,2023-11-23,31,319581,23307654,550060,0.0236,0.0091,5000,90910000,284.47,64,18182
CAMP00007,UK FRA Pre Affiliate Q2,Affiliate,UK,HKG-FRA,Premium Economy,2023-04-14,2023-05-23,39,48257,1485728,19017,0.0128,0.0247,469,8731842,180.94,103,18618
CAMP00008,UK TPE Fir Paid Q4,Paid Social,UK,HKG-TPE,First,2024-06-19,2024-07-17,28,199856,13268402,351612,0.0265,0.0275,5000,77560000,388.08,40,15512
CAMP00009,UK FRA Bus Paid Q3,Paid Search,UK,HKG-FRA,Business,2024-03-05,2024-03-18,13,415455,10370616,186671,0.018,0.0197,3677,67987730,163.65,113,18490
CAMP00010,TH SIN Pre YouTube Q4,YouTube / Video,TH,HKG-SIN,Premium Economy,2023-12-04,2023-12-21,17,345919,11413801,213438,0.0187,0.0166,3543,53892573,155.8,98,15211
CAMP00011,TW TPE Eco Organic Q2,Organic Search,TW,HKG-TPE,Economy,2023-09-25,2023-11-16,52,5057,129875,4194,0.0323,0.0212,88,1851080,366.04,57,21035
CAMP00012,KR NRT Bus Affiliate Q3,Affiliate,KR,HKG-NRT,Business,2023-04-15,2023-06-12,58,14107,315067,2804,0.0089,0.001,2,13900,0.99,7054,6950
CAMP00013,KR SIN Pre Out-of-Home Q1,Out-of-Home,KR,HKG-SIN,Premium Economy,2024-09-18,2024-11-03,46,762915,21699662,815907,0.0376,0.0204,5000,68180000,89.37,153,13636
CAMP00014,TH FRA Eco Affiliate Q4,Affiliate,TH,HKG-FRA,Economy,2024-03-16,2024-03-28,12,54086,1567820,12856,0.0082,0.0171,219,2663040,49.24,247,12160
CAMP00015,AU ICN Fir Out-of-Home Q1,Out-of-Home,AU,HKG-ICN,First,2023-08-06,2023-09-25,50,513738,12785018,217345,0.017,0.0176,3825,56353725,109.69,134,14733
CAMP00016,KR LAX Pre YouTube Q2,YouTube / Video,KR,HKG-LAX,Premium Economy,2023-10-09,2023-11-21,43,463350,10603411,510024,0.0481,0.0237,5000,30625000,66.09,93,6125
CAMP00017,HK FRA Eco Paid Q4,Paid Social,HK,HKG-FRA,Economy,2024-05-08,2024-06-11,34,88183,1970034,75846,0.0385,0.0174,1319,13353556,151.43,67,10124
CAMP00018,SG LHR Pre Out-of-Home Q4,Out-of-Home,SG,HKG-LHR,Premium Economy,2024-05-04,2024-05-18,14,638170,55700307,1459348,0.0262,0.0089,5000,119955000,187.97,128,23991
CAMP00019,US JFK Pre Email Q2,Email CRM,US,HKG-JFK,Premium Economy,2023-11-10,2024-01-08,59,38534,1194941,16370,0.0137,0.0169,276,1466940,38.07,140,5315
CAMP00020,JP LHR Fir YouTube Q2,YouTube / Video,JP,HKG-LHR,First,2023-07-25,2023-08-24,30,331766,17788324,330862,0.0186,0.0185,5000,84880000,255.84,66,16976
CAMP00021,AU JFK Bus Programmatic Q1,Programmatic Display,AU,HKG-JFK,Business,2024-03-24,2024-04-02,9,43607,981833,25429,0.0259,0.0189,480,8458560,193.97,91,17622
CAMP00022,AU MEL Eco Paid Q4,Paid Social,AU,HKG-MEL,Economy,2024-03-23,2024-04-10,18,134445,3741244,95401,0.0255,0.0193,1841,24741199,184.02,73,13439
CAMP00023,KR ICN Eco Organic Q1,Organic Search,KR,HKG-ICN,Economy,2024-02-12,2024-03-11,28,1985,74042,1769,0.0239,0.0263,46,171994,86.65,43,3739
CAMP00024,JP ICN Bus Out-of-Home Q1,Out-of-Home,JP,HKG-ICN,Business,2023-02-19,2023-03-01,10,436545,24911024,612811,0.0246,0.0093,5000,18775000,43.01,87,3755
CAMP00025,JP LHR Eco Affiliate Q2,Affiliate,JP,HKG-LHR,Economy,2023-11-18,2023-12-12,24,66414,2818817,63141,0.0224,0.0194,1224,11093112,167.03,54,9063
CAMP00026,TH JFK Pre Email Q1,Email CRM,TH,HKG-JFK,Premium Economy,2024-02-22,2024-03-24,31,10102,264789,2038,0.0077,0.0283,57,299535,29.65,177,5255
CAMP00027,AU SIN Eco Out-of-Home Q1,Out-of-Home,AU,HKG-SIN,Economy,2024-10-08,2024-12-04,57,772542,42507195,799135,0.0188,0.0041,3276,16619148,21.51,236,5073
CAMP00028,TH CDG Eco YouTube Q3,YouTube / Video,TH,HKG-CDG,Economy,2023-12-24,2024-01-04,11,241721,17588256,633177,0.036,0.0194,5000,32610000,134.91,48,6522
CAMP00029,TH LAX Fir Email Q3,Email CRM,TH,HKG-LAX,First,2023-08-22,2023-09-28,37,45260,994263,8550,0.0086,0.0133,113,813035,17.96,401,7195
CAMP00030,US FRA Eco Email Q2,Email CRM,US,HKG-FRA,Economy,2024-01-13,2024-03-08,55,37959,935678,21239,0.0227,0.015,318,6819828,179.66,119,21446
CAMP00031,AU SYD Eco Paid Q4,Paid Social,AU,HKG-SYD,Economy,2023-05-01,2023-06-19,49,103598,5758068,87522,0.0152,0.0108,945,16114140,155.54,110,17052
CAMP00032,AU BKK Fir Paid Q3,Paid Search,AU,HKG-BKK,First,2023-03-03,2023-04-28,56,303452,13988822,367906,0.0263,0.0166,5000,18345000,60.45,61,3669
CAMP00033,UK SIN Eco YouTube Q1,YouTube / Video,UK,HKG-SIN,Economy,2024-04-06,2024-04-22,16,159721,3267426,66328,0.0203,0.0327,2168,36478768,228.39,74,16826
CAMP00034,US LHR Fir Organic Q3,Organic Search,US,HKG-LHR,First,2024-11-01,2024-12-20,49,997,26012,1110,0.0427,0.0079,8,48056,48.2,125,6007
CAMP00035,AU TPE Eco Paid Q3,Paid Search,AU,HKG-TPE,Economy,2024-07-29,2024-09-25,58,480220,13951415,433889,0.0311,0.0086,3731,45753253,95.28,129,12263
CAMP00036,SG MEL Eco Out-of-Home Q4,Out-of-Home,SG,HKG-MEL,Economy,2024-02-01,2024-02-25,24,822188,36860921,342806,0.0093,0.0076,2605,9995385,12.16,316,3837
CAMP00037,AU LHR Eco Out-of-Home Q1,Out-of-Home,AU,HKG-LHR,Economy,2023-01-28,2023-03-02,33,238980,10880033,360129,0.0331,0.0318,5000,24915000,104.26,48,4983
CAMP00038,US YVR Bus Programmatic Q1,Programmatic Display,US,HKG-YVR,Business,2024-11-02,2024-12-07,35,70884,6120744,96095,0.0157,0.0143,1374,8129958,114.69,52,5917
CAMP00039,HK ICN Bus Affiliate Q2,Affiliate,HK,HKG-ICN,Business,2023-11-02,2023-12-05,33,27790,710028,12851,0.0181,0.0178,228,2857752,102.83,122,12534
CAMP00040,TW BKK Pre Paid Q2,Paid Social,TW,HKG-BKK,Premium Economy,2023-07-16,2023-08-07,22,136693,11656254,335700,0.0288,0.0148,4968,65513016,479.27,28,13187
CAMP00041,HK ICN Eco Out-of-Home Q4,Out-of-Home,HK,HKG-ICN,Economy,2024-08-29,2024-10-26,58,362196,35529288,678609,0.0191,0.0104,5000,53800000,148.54,72,10760
CAMP00042,AU YVR Eco Affiliate Q3,Affiliate,AU,HKG-YVR,Economy,2024-05-22,2024-07-18,57,39525,1008810,36014,0.0357,0.0161,579,9636297,243.8,68,16643
CAMP00043,AU LAX Bus Programmatic Q3,Programmatic Display,AU,HKG-LAX,Business,2024-05-24,2024-06-20,27,115290,2404131,37744,0.0157,0.0377,1422,26804700,232.5,81,18850
CAMP00044,KR BKK Eco Paid Q3,Paid Search,KR,HKG-BKK,Economy,2023-07-08,2023-08-26,49,135074,3355032,59048,0.0176,0.0291,1718,32696976,242.07,79,19032
CAMP00045,HK SYD Bus Organic Q4,Organic Search,HK,HKG-SYD,Business,2024-11-05,2024-12-03,28,8828,305831,5229,0.0171,0.0112,58,912804,103.4,152,15738
CAMP00046,SG NRT Bus Email Q2,Email CRM,SG,HKG-NRT,Business,2023-11-04,2023-12-23,49,37744,1281986,23332,0.0182,0.0232,541,8116082,215.03,70,15002
CAMP00047,US DXB Fir Organic Q1,Organic Search,US,HKG-DXB,First,2023-12-28,2024-02-03,37,7605,277095,10585,0.0382,0.0113,119,1643866,216.16,64,13814
CAMP00048,US BKK Pre Affiliate Q1,Affiliate,US,HKG-BKK,Premium Economy,2024-05-25,2024-06-25,31,25252,1098593,35704,0.0325,0.0038,135,1111590,44.02,187,8234
CAMP00049,CN JFK Eco Out-of-Home Q2,Out-of-Home,CN,HKG-JFK,Economy,2024-03-24,2024-04-06,13,737341,23886465,1086834,0.0455,0.0262,5000,68565000,92.99,147,13713
CAMP00050,KR FRA Pre Out-of-Home Q3,Out-of-Home,KR,HKG-FRA,Premium Economy,2023-04-28,2023-06-08,41,852620,31293356,1633513,0.0522,0.0273,5000,16110000,18.89,171,3222
CAMP00051,JP LAX Fir Paid Q2,Paid Social,JP,HKG-LAX,First,2023-07-25,2023-08-18,24,77298,2278381,28707,0.0126,0.0264,757,18363306,237.57,102,24258
CAMP00052,KR FRA Bus Programmatic Q2,Programmatic Display,KR,HKG-FRA,Business,2023-09-03,2023-09-21,18,155230,3380090,87206,0.0258,0.0142,1238,13793796,88.86,125,11142
CAMP00053,JP MNL Bus Email Q2,Email CRM,JP,HKG-MNL,Business,2024-10-06,2024-10-23,17,21095,423591,4617,0.0109,0.0167,77,1512126,71.68,274,19638
CAMP00054,TH JFK Pre Email Q4,Email CRM,TH,HKG-JFK,Premium Economy,2024-04-30,2024-06-28,59,40441,3075423,48284,0.0157,0.024,1158,27846426,688.57,35,24047
CAMP00055,US MNL Eco Paid Q4,Paid Search,US,HKG-MNL,Economy,2023-09-07,2023-09-19,12,265282,10449381,181819,0.0174,0.0211,3836,53446988,201.47,69,13933
CAMP00056,TW YVR Fir YouTube Q1,YouTube / Video,TW,HKG-YVR,First,2024-05-14,2024-07-02,49,657590,38169290,469482,0.0123,0.0149,5000,109800000,166.97,132,21960
CAMP00057,KR TPE Fir Paid Q1,Paid Social,KR,HKG-TPE,First,2024-05-17,2024-07-08,52,69805,2898298,35938,0.0124,0.005,179,2424018,34.73,390,13542
CAMP00058,TW YVR Fir Affiliate Q1,Affiliate,TW,HKG-YVR,First,2023-09-26,2023-10-04,8,45017,2093919,48788,0.0233,0.0189,922,5449020,121.04,49,5910
CAMP00059,KR SIN Fir Affiliate Q4,Affiliate,KR,HKG-SIN,First,2023-10-02,2023-11-09,38,34608,2037984,21195,0.0104,0.0266,563,2016666,58.27,61,3582
CAMP00060,US TPE Pre Organic Q2,Organic Search,US,HKG-TPE,Premium Economy,2024-08-31,2024-10-07,37,2483,61213,2148,0.0351,0.0084,18,107694,43.37,138,5983
CAMP00061,HK BKK Pre Affiliate Q4,Affiliate,HK,HKG-BKK,Premium Economy,2024-01-18,2024-02-13,26,37749,1264557,17703,0.014,0.0231,408,9683880,256.53,93,23735
CAMP00062,SG SYD Eco Programmatic Q3,Programmatic Display,SG,HKG-SYD,Economy,2023-04-12,2023-05-24,42,88838,1899472,111499,0.0587,0.0207,2308,31047216,349.48,38,13452
CAMP00063,AU BKK Fir Organic Q3,Organic Search,AU,HKG-BKK,First,2024-05-04,2024-06-01,28,1272,112529,2205,0.0196,0.024,52,521092,409.66,24,10021
CAMP00064,KR TPE Bus Email Q2,Email CRM,KR,HKG-TPE,Business,2024-02-05,2024-03-06,30,36818,2903829,75209,0.0259,0.025,1880,24088440,654.26,20,12813
CAMP00065,UK LAX Pre Programmatic Q2,Programmatic Display,UK,HKG-LAX,Premium Economy,2023-12-13,2024-01-11,29,119043,4555633,43278,0.0095,0.0124,536,4625680,38.86,222,8630
CAMP00066,UK MEL Fir Organic Q1,Organic Search,UK,HKG-MEL,First,2024-05-08,2024-06-26,49,8292,627654,28558,0.0455,0.0051,145,3212040,387.37,57,22152
CAMP00067,UK DXB Bus Programmatic Q3,Programmatic Display,UK,HKG-DXB,Business,2024-09-08,2024-10-18,40,146905,7162888,275054,0.0384,0.0137,3768,94147248,640.87,39,24986
CAMP00068,CN LAX Fir Paid Q2,Paid Search,CN,HKG-LAX,First,2023-08-13,2023-09-09,27,117069,2367843,67720,0.0286,0.0251,1699,8270732,70.65,69,4868
CAMP00069,US LHR Fir Email Q2,Email CRM,US,HKG-LHR,First,2023-10-13,2023-12-08,56,8146,443720,3904,0.0088,0.0137,53,996983,122.39,154,18811
CAMP00070,TH BKK Eco Out-of-Home Q1,Out-of-Home,TH,HKG-BKK,Economy,2023-05-09,2023-06-27,49,480527,26808077,737222,0.0275,0.0124,5000,51915000,108.04,96,10383
CAMP00071,SG NRT Pre Paid Q4,Paid Social,SG,HKG-NRT,Premium Economy,2024-03-16,2024-05-11,56,159903,4853542,55815,0.0115,0.0034,189,763938,4.78,846,4042
CAMP00072,UK TPE Bus Email Q4,Email CRM,UK,HKG-TPE,Business,2023-10-01,2023-11-15,45,15811,528443,22458,0.0425,0.032,718,16720784,1057.54,22,23288
CAMP00073,HK FRA Fir Paid Q2,Paid Social,HK,HKG-FRA,First,2023-08-21,2023-09-17,27,241197,7261135,251961,0.0347,0.0246,5000,21805000,90.4,48,4361
CAMP00074,HK FRA Eco Affiliate Q3,Affiliate,HK,HKG-FRA,Economy,2024-04-18,2024-06-04,47,62342,2486775,64904,0.0261,0.0242,1570,11820530,189.61,40,7529
CAMP00075,JP SYD Pre Email Q4,Email CRM,JP,HKG-SYD,Premium Economy,2023-10-05,2023-10-29,24,38659,897575,897,0.001,0.0257,23,81903,2.12,1681,3561
CAMP00076,TH BKK Bus Programmatic Q3,Programmatic Display,TH,HKG-BKK,Business,2023-11-12,2023-12-03,21,39621,2549085,33647,0.0132,0.0226,760,10159680,256.42,52,13368
CAMP00077,US SYD Fir Paid Q3,Paid Social,US,HKG-SYD,First,2023-10-27,2023-11-26,30,250069,9215496,306876,0.0333,0.016,4910,79497810,317.9,51,16191
CAMP00078,KR YVR Eco YouTube Q2,YouTube / Video,KR,HKG-YVR,Economy,2023-06-25,2023-08-22,58,228385,6075608,240594,0.0396,0.0167,4017,40386918,176.84,57,10054
CAMP00079,AU ICN Bus Affiliate Q3,Affiliate,AU,HKG-ICN,Business,2023-03-27,2023-05-03,37,50341,1125455,43104,0.0383,0.0146,629,2877046,57.15,80,4574
CAMP00080,HK MEL Pre Organic Q3,Organic Search,HK,HKG-MEL,Premium Economy,2024-07-16,2024-08-12,27,4393,177259,1045,0.0059,0.0391,40,222200,50.58,110,5555
CAMP00081,KR MNL Eco Email Q3,Email CRM,KR,HKG-MNL,Economy,2023-03-04,2023-04-04,31,41925,1281725,36657,0.0286,0.0224,821,19321414,460.86,51,23534
CAMP00082,AU MNL Bus Paid Q3,Paid Social,AU,HKG-MNL,Business,2023-08-09,2023-08-31,22,104748,8205491,305244,0.0372,0.0143,4364,90465720,863.65,24,20730
CAMP00083,HK CDG Pre Out-of-Home Q3,Out-of-Home,HK,HKG-CDG,Premium Economy,2024-03-29,2024-05-09,41,316677,18835511,96061,0.0051,0.0217,2084,49205324,155.38,152,23611
CAMP00084,SG NRT Bus Affiliate Q1,Affiliate,SG,HKG-NRT,Business,2023-03-31,2023-04-25,25,40566,3177777,79126,0.0249,0.0099,783,11492091,283.29,52,14677
CAMP00085,TH ICN Pre Affiliate Q4,Affiliate,TH,HKG-ICN,Premium Economy,2024-03-21,2024-04-26,36,42472,1085817,30728,0.0283,0.03,921,13826973,325.56,46,15013
CAMP00086,CN ICN Fir Paid Q4,Paid Search,CN,HKG-ICN,First,2024-05-13,2024-06-08,26,131758,6121901,131008,0.0214,0.0127,1663,33743933,256.11,79,20291
CAMP00087,HK MNL Eco Programmatic Q1,Programmatic Display,HK,HKG-MNL,Economy,2024-03-26,2024-04-18,23,51744,1328478,3719,0.0028,0.022,81,1341846,25.93,639,16566
CAMP00088,KR DXB Fir Out-of-Home Q2,Out-of-Home,KR,HKG-DXB,First,2023-07-27,2023-09-23,58,308204,24352534,513838,0.0211,0.0265,5000,63005000,204.43,62,12601
CAMP00089,KR SYD Eco Out-of-Home Q4,Out-of-Home,KR,HKG-SYD,Economy,2023-01-14,2023-02-08,25,520736,11701429,246900,0.0211,0.0211,5000,47105000,90.46,104,9421
CAMP00090,KR FRA Bus Email Q2,Email CRM,KR,HKG-FRA,Business,2024-08-26,2024-09-05,10,20451,470991,10926,0.0232,0.0188,205,2804605,137.14,100,13681
CAMP00091,TH YVR Pre Out-of-Home Q4,Out-of-Home,TH,HKG-YVR,Premium Economy,2023-08-11,2023-09-07,27,452854,33403333,607940,0.0182,0.0181,5000,22035000,48.66,91,4407
CAMP00092,UK ICN Pre Out-of-Home Q4,Out-of-Home,UK,HKG-ICN,Premium Economy,2024-07-01,2024-08-05,35,747150,68231255,1344155,0.0197,0.0175,5000,36165000,48.4,149,7233
CAMP00093,TH LAX Eco Email Q4,Email CRM,TH,HKG-LAX,Economy,2023-05-15,2023-05-27,12,15841,1292978,31677,0.0245,0.0134,424,8150976,514.55,37,19224
CAMP00094,JP SIN Bus Organic Q1,Organic Search,JP,HKG-SIN,Business,2023-04-21,2023-05-14,23,9098,206092,6244,0.0303,0.0144,89,1966633,216.16,102,22097
CAMP00095,KR JFK Eco Programmatic Q2,Programmatic Display,KR,HKG-JFK,Economy,2024-06-13,2024-06-28,15,155320,8011083,170636,0.0213,0.0298,5000,26195000,168.65,31,5239
CAMP00096,US ICN Bus Paid Q3,Paid Social,US,HKG-ICN,Business,2024-10-01,2024-11-03,33,77165,2416622,48574,0.0201,0.0171,830,4258730,55.19,93,5131
CAMP00097,TW TPE Bus Affiliate Q4,Affiliate,TW,HKG-TPE,Business,2024-08-08,2024-09-22,45,38246,1413912,36903,0.0261,0.0117,431,2104142,55.02,89,4882
CAMP00098,CN LHR Fir Affiliate Q1,Affiliate,CN,HKG-LHR,First,2024-05-25,2024-07-22,58,26519,634106,1204,0.0019,0.0139,16,326624,12.32,1657,20414
CAMP00099,CN YVR Bus Paid Q2,Paid Social,CN,HKG-YVR,Business,2023-06-17,2023-07-14,27,103657,3507147,107669,0.0307,0.0268,2885,28405710,274.04,36,9846
CAMP00100,CN FRA Pre Out-of-Home Q1,Out-of-Home,CN,HKG-FRA,Premium Economy,2024-09-12,2024-11-03,52,428946,14285612,357140,0.025,0.0234,5000,50940000,118.76,86,10188
CAMP00101,TW FRA Bus Paid Q4,Paid Social,TW,HKG-FRA,Business,2024-03-30,2024-04-17,18,65340,1318304,33616,0.0255,0.0225,756,2475144,37.88,86,3274
CAMP00102,TW MEL Fir Out-of-Home Q4,Out-of-Home,TW,HKG-MEL,First,2023-04-28,2023-06-15,48,112990,7059588,257674,0.0365,0.0159,4097,99954509,884.63,28,24397
CAMP00103,AU SYD Pre Paid Q1,Paid Search,AU,HKG-SYD,Premium Economy,2023-03-29,2023-05-04,36,247469,5724717,9159,0.0016,0.0226,206,2584888,10.45,1201,12548
CAMP00104,KR SIN Eco Out-of-Home Q1,Out-of-Home,KR,HKG-SIN,Economy,2024-08-15,2024-10-01,47,730891,60554400,78720,0.0013,0.0129,1015,20851145,28.53,720,20543
CAMP00105,US SYD Fir Out-of-Home Q2,Out-of-Home,US,HKG-SYD,First,2023-07-07,2023-08-23,47,372668,12803842,362348,0.0283,0.0159,5000,92840000,249.12,75,18568
CAMP00106,JP NRT Eco Out-of-Home Q4,Out-of-Home,JP,HKG-NRT,Economy,2024-06-04,2024-07-09,35,874411,19237529,479014,0.0249,0.0258,5000,30595000,34.99,175,6119
CAMP00107,US MEL Bus Affiliate Q2,Affiliate,US,HKG-MEL,Business,2023-04-05,2023-04-25,20,43234,1180980,31886,0.027,0.025,797,16441313,380.29,54,20629
CAMP00108,TH MNL Eco Email Q2,Email CRM,TH,HKG-MNL,Economy,2023-07-10,2023-08-13,34,45535,1217233,23736,0.0195,0.0101,239,3610334,79.29,191,15106
CAMP00109,KR LHR Eco Affiliate Q2,Affiliate,KR,HKG-LHR,Economy,2023-07-12,2023-08-31,50,31239,1521427,50207,0.033,0.0112,562,9157228,293.13,56,16294
CAMP00110,KR DXB Fir Programmatic Q3,Programmatic Display,KR,HKG-DXB,First,2023-07-11,2023-09-07,58,117080,4377969,158482,0.0362,0.0189,2995,22180970,189.45,39,7406
CAMP00111,SG NRT Eco Out-of-Home Q2,Out-of-Home,SG,HKG-NRT,Economy,2024-04-03,2024-05-29,56,786839,31903307,982621,0.0308,0.0318,5000,108155000,137.46,157,21631
CAMP00112,TW SYD Bus YouTube Q1,YouTube / Video,TW,HKG-SYD,Business,2024-09-13,2024-09-29,16,122508,3970091,86944,0.0219,0.0027,234,5498064,44.88,524,23496
CAMP00113,JP SIN Bus Email Q4,Email CRM,JP,HKG-SIN,Business,2024-09-11,2024-10-19,38,46850,1644487,1644,0.001,0.0202,33,394119,8.41,1420,11943
CAMP00114,CN SYD Eco YouTube Q2,YouTube / Video,CN,HKG-SYD,Economy,2024-05-19,2024-05-31,12,342770,14854003,508006,0.0342,0.007,3556,17900904,52.22,96,5034
CAMP00115,CN FRA Eco YouTube Q2,YouTube / Video,CN,HKG-FRA,Economy,2023-05-18,2023-06-29,42,438510,19735612,783503,0.0397,0.0129,5000,108360000,247.11,88,21672
CAMP00116,UK MNL Fir Paid Q3,Paid Search,UK,HKG-MNL,First,2024-10-15,2024-12-13,59,332797,16611514,543196,0.0327,0.0151,5000,112610000,338.37,67,22522
CAMP00117,UK CDG Bus Paid Q3,Paid Social,UK,HKG-CDG,Business,2024-01-04,2024-01-13,9,203609,8276152,119176,0.0144,0.0146,1739,24592938,120.79,117,14142
CAMP00118,HK BKK Eco Paid Q1,Paid Social,HK,HKG-BKK,Economy,2024-01-07,2024-02-17,41,36390,2274707,75292,0.0331,0.0137,1031,16228971,445.97,35,15741
CAMP00119,AU FRA Fir Paid Q1,Paid Search,AU,HKG-FRA,First,2024-04-21,2024-06-17,57,440227,9808067,346224,0.0353,0.0181,5000,39530000,89.79,88,7906
CAMP00120,SG LHR Pre Email Q1,Email CRM,SG,HKG-LHR,Premium Economy,2024-06-06,2024-07-27,51,33062,969993,42388,0.0437,0.0137,580,2600720,78.66,57,4484
CAMP00121,SG JFK Eco Affiliate Q4,Affiliate,SG,HKG-JFK,Economy,2024-10-09,2024-11-05,27,99894,6507134,94353,0.0145,0.0063,594,14119974,141.35,168,23771
CAMP00122,AU SIN Fir Affiliate Q3,Affiliate,AU,HKG-SIN,First,2024-02-01,2024-02-13,12,52436,1388872,30971,0.0223,0.0242,749,10205125,194.62,70,13625
CAMP00123,SG NRT Eco Email Q4,Email CRM,SG,HKG-NRT,Economy,2024-02-19,2024-04-14,55,32608,742666,25250,0.034,0.024,606,5483694,168.17,54,9049
CAMP00124,CN ICN Bus Out-of-Home Q3,Out-of-Home,CN,HKG-ICN,Business,2024-05-21,2024-07-15,55,496956,25483058,654914,0.0257,0.0247,5000,91255000,183.63,99,18251
CAMP00125,UK ICN Fir YouTube Q2,YouTube / Video,UK,HKG-ICN,First,2023-06-23,2023-07-30,37,720641,44972536,521681,0.0116,0.0057,2973,10631448,14.75,242,3576
CAMP00126,JP ICN Bus Paid Q3,Paid Search,JP,HKG-ICN,Business,2023-07-29,2023-09-25,58,424574,41042698,1231280,0.03,0.0204,5000,23790000,56.03,85,4758
CAMP00127,JP DXB Bus Out-of-Home Q3,Out-of-Home,JP,HKG-DXB,Business,2024-03-01,2024-03-08,7,917747,77186371,2462245,0.0319,0.0234,5000,41690000,45.43,184,8338
CAMP00128,US CDG Pre YouTube Q2,YouTube / Video,US,HKG-CDG,Premium Economy,2023-02-13,2023-03-24,39,443082,10942983,285611,0.0261,0.0098,2798,36133372,81.55,158,12914
CAMP00129,JP DXB Eco Affiliate Q4,Affiliate,JP,HKG-DXB,Economy,2023-08-06,2023-08-15,9,81230,1641426,45303,0.0276,0.0181,819,9063873,111.58,99,11067
CAMP00130,TW YVR Bus YouTube Q4,YouTube / Video,TW,HKG-YVR,Business,2024-05-03,2024-06-28,56,338332,28683840,628176,0.0219,0.0171,5000,35605000,105.24,68,7121
CAMP00131,JP BKK Fir YouTube Q4,YouTube / Video,JP,HKG-BKK,First,2024-10-25,2024-12-07,43,411870,10316651,440520,0.0427,0.0327,5000,53645000,130.25,82,10729
CAMP00132,SG TPE Eco Paid Q4,Paid Search,SG,HKG-TPE,Economy,2023-12-20,2024-02-13,55,392098,30455427,432467,0.0142,0.0334,5000,51730000,131.93,78,10346
CAMP00133,JP TPE Fir YouTube Q2,YouTube / Video,JP,HKG-TPE,First,2023-09-29,2023-11-04,36,138430,4109506,73971,0.018,0.0047,347,5046074,36.45,399,14542
CAMP00134,AU DXB Pre Out-of-Home Q1,Out-of-Home,AU,HKG-DXB,Premium Economy,2023-10-27,2023-11-07,11,739441,18374395,461197,0.0251,0.038,5000,76900000,104.0,148,15380
CAMP00135,CN LHR Bus Programmatic Q2,Programmatic Display,CN,HKG-LHR,Business,2024-04-11,2024-04-19,8,22844,937452,33279,0.0355,0.0107,356,7984368,349.52,64,22428
CAMP00136,UK BKK Eco YouTube Q3,YouTube / Video,UK,HKG-BKK,Economy,2024-01-06,2024-01-30,24,498068,47719598,334037,0.007,0.0258,5000,103745000,208.29,100,20749
CAMP00137,UK LAX Bus Paid Q4,Paid Search,UK,HKG-LAX,Business,2023-01-16,2023-03-03,46,264740,7830789,72826,0.0093,0.0258,1878,17711418,66.9,141,9431
CAMP00138,TW TPE Eco Programmatic Q2,Programmatic Display,TW,HKG-TPE,Economy,2024-01-02,2024-01-17,15,104362,2101962,2101,0.001,0.01,21,480018,4.6,4970,22858
CAMP00139,TH CDG Pre Email Q2,Email CRM,TH,HKG-CDG,Premium Economy,2023-09-30,2023-11-21,52,27244,1341758,34080,0.0254,0.0219,746,10784176,395.84,37,14456
CAMP00140,CN MEL Bus Organic Q2,Organic Search,CN,HKG-MEL,Business,2024-04-21,2024-05-10,19,4919,279812,3245,0.0116,0.0171,55,392040,79.7,89,7128
CAMP00141,TH LAX Eco Paid Q4,Paid Social,TH,HKG-LAX,Economy,2024-08-18,2024-09-20,33,139987,9359274,190929,0.0204,0.0224,4276,44825308,320.21,33,10483
CAMP00142,KR MEL Pre Programmatic Q1,Programmatic Display,KR,HKG-MEL,Premium Economy,2024-10-16,2024-11-02,17,101243,3143194,103411,0.0329,0.0198,2047,39543946,390.58,49,19318
CAMP00143,SG ICN Bus Email Q2,Email CRM,SG,HKG-ICN,Business,2024-02-19,2024-03-21,31,30567,902805,15618,0.0173,0.0276,431,9085049,297.22,71,21079
CAMP00144,TW SIN Eco Organic Q1,Organic Search,TW,HKG-SIN,Economy,2023-09-04,2023-10-04,30,7634,183109,5090,0.0278,0.0186,94,1055620,138.28,81,11230
CAMP00145,JP FRA Pre Out-of-Home Q4,Out-of-Home,JP,HKG-FRA,Premium Economy,2023-10-29,2023-11-05,7,596946,14877926,318387,0.0214,0.0167,5000,32335000,54.17,119,6467
CAMP00146,SG FRA Pre Paid Q2,Paid Search,SG,HKG-FRA,Premium Economy,2023-04-30,2023-06-06,37,339135,7420627,245622,0.0331,0.0268,5000,36105000,106.46,68,7221
CAMP00147,US TPE Bus Paid Q1,Paid Social,US,HKG-TPE,Business,2024-09-28,2024-11-15,48,255885,6059187,186017,0.0307,0.0226,4203,22179231,86.68,61,5277
CAMP00148,TH BKK Fir Out-of-Home Q2,Out-of-Home,TH,HKG-BKK,First,2024-07-30,2024-09-24,56,990561,49800249,831664,0.0167,0.0239,5000,91860000,92.74,198,18372
CAMP00149,KR ICN Fir Paid Q1,Paid Search,KR,HKG-ICN,First,2024-08-03,2024-08-27,24,98895,3067929,70562,0.023,0.0127,896,12602240,127.43,110,14065
CAMP00150,SG LAX Eco Out-of-Home Q2,Out-of-Home,SG,HKG-LAX,Economy,2023-08-12,2023-10-04,53,741633,33869967,1270123,0.0375,0.0096,5000,64630000,87.15,148,12926
CAMP00151,CN FRA Eco Programmatic Q4,Programmatic Display,CN,HKG-FRA,Economy,2023-08-08,2023-09-30,53,60531,2610060,77518,0.0297,0.0135,1046,18598926,307.26,58,17781
CAMP00152,UK YVR Eco Organic Q3,Organic Search,UK,HKG-YVR,Economy,2024-08-05,2024-10-03,59,1967,41605,341,0.0082,0.013,4,84920,43.17,492,21230
CAMP00153,KR MEL Bus Programmatic Q4,Programmatic Display,KR,HKG-MEL,Business,2024-01-06,2024-02-01,26,162740,4365830,143635,0.0329,0.0243,3490,71548490,439.65,47,20501
CAMP00154,US SIN Eco Email Q3,Email CRM,US,HKG-SIN,Economy,2024-04-24,2024-06-15,52,8091,165177,1982,0.012,0.0258,51,306867,37.93,159,6017
CAMP00155,US CDG Eco Affiliate Q4,Affiliate,US,HKG-CDG,Economy,2023-11-30,2024-01-05,36,86305,3235244,135880,0.042,0.0168,2282,36445822,422.29,38,15971
CAMP00156,TW JFK Fir Paid Q2,Paid Social,TW,HKG-JFK,First,2023-10-29,2023-11-08,10,238047,7557646,281900,0.0373,0.0294,5000,112075000,470.81,48,22415
CAMP00157,CN ICN Fir YouTube Q4,YouTube / Video,CN,HKG-ICN,First,2024-03-05,2024-03-26,21,796273,27006387,769682,0.0285,0.0289,5000,100120000,125.74,159,20024
CAMP00158,HK LAX Fir YouTube Q1,YouTube / Video,HK,HKG-LAX,First,2024-07-06,2024-08-17,42,560918,39248413,1055782,0.0269,0.0199,5000,51235000,91.34,112,10247
CAMP00159,UK LAX Pre Out-of-Home Q2,Out-of-Home,UK,HKG-LAX,Premium Economy,2023-08-16,2023-08-31,15,885620,45490875,1023544,0.0225,0.0114,5000,58195000,65.71,177,11639
CAMP00160,AU CDG Bus Organic Q3,Organic Search,AU,HKG-CDG,Business,2024-07-04,2024-08-03,30,1185,38096,1260,0.0331,0.0306,38,858192,724.21,31,22584
CAMP00161,TW FRA Bus Affiliate Q2,Affiliate,TW,HKG-FRA,Business,2023-06-16,2023-08-03,48,90090,7096510,146188,0.0206,0.0175,2558,9523434,105.71,35,3723
CAMP00162,HK ICN Eco Email Q2,Email CRM,HK,HKG-ICN,Economy,2023-10-01,2023-10-15,14,12214,258450,7184,0.0278,0.019,136,1980024,162.11,90,14559
CAMP00163,UK FRA Bus Email Q1,Email CRM,UK,HKG-FRA,Business,2024-09-12,2024-10-15,33,19145,1280281,45449,0.0355,0.0153,695,3860030,201.62,28,5554
CAMP00164,US FRA Bus Email Q1,Email CRM,US,HKG-FRA,Business,2024-10-11,2024-10-29,18,10768,600918,10996,0.0183,0.0109,119,2698920,250.64,90,22680
CAMP00165,CN JFK Pre Out-of-Home Q3,Out-of-Home,CN,HKG-JFK,Premium Economy,2024-09-20,2024-10-25,35,461495,11363275,199993,0.0176,0.0063,1259,4848409,10.51,367,3851
CAMP00166,US LHR Fir Programmatic Q4,Programmatic Display,US,HKG-LHR,First,2023-08-03,2023-08-22,19,154819,11156211,119371,0.0107,0.0231,2757,9688098,62.58,56,3514
CAMP00167,KR LAX Bus Paid Q1,Paid Social,KR,HKG-LAX,Business,2024-07-27,2024-09-23,58,102382,2225157,27146,0.0122,0.0117,317,3244812,31.69,323,10236
CAMP00168,TH MNL Bus Programmatic Q2,Programmatic Display,TH,HKG-MNL,Business,2024-09-28,2024-10-09,11,167995,4304469,13343,0.0031,0.0425,567,4197501,24.99,296,7403
CAMP00169,AU MEL Bus Paid Q4,Paid Search,AU,HKG-MEL,Business,2024-10-27,2024-12-24,58,322834,25330576,856173,0.0338,0.0093,5000,69500000,215.28,65,13900
CAMP00170,TH DXB Fir Paid Q4,Paid Search,TH,HKG-DXB,First,2023-01-15,2023-03-04,48,333016,8839439,412801,0.0467,0.0079,3261,31272990,93.91,102,9590
CAMP00171,CN DXB Bus Paid Q1,Paid Search,CN,HKG-DXB,Business,2024-05-21,2024-07-12,52,472462,13397422,564031,0.0421,0.0221,5000,54190000,114.7,94,10838
CAMP00172,CN LAX Pre Out-of-Home Q3,Out-of-Home,CN,HKG-LAX,Premium Economy,2024-11-08,2024-12-30,52,488661,12127395,66700,0.0055,0.0302,2014,31071992,63.59,243,15428
CAMP00173,HK SYD Fir Affiliate Q1,Affiliate,HK,HKG-SYD,First,2024-06-03,2024-06-19,16,41017,951054,32050,0.0337,0.0185,592,9077136,221.3,69,15333
CAMP00174,CN LHR Bus Affiliate Q1,Affiliate,CN,HKG-LHR,Business,2023-06-08,2023-08-03,56,99509,2569033,108156,0.0421,0.0226,2444,57600192,578.84,41,23568
CAMP00175,TW LAX Fir Email Q1,Email CRM,TW,HKG-LAX,First,2024-06-02,2024-07-10,38,30065,898883,17528,0.0195,0.0033,57,773661,25.73,527,13573
CAMP00176,US SIN Eco Affiliate Q3,Affiliate,US,HKG-SIN,Economy,2023-03-13,2023-05-09,57,65314,2852322,74730,0.0262,0.0126,941,14503633,222.06,69,15413
CAMP00177,HK SYD Pre Paid Q1,Paid Social,HK,HKG-SYD,Premium Economy,2023-11-23,2024-01-15,53,110000,2903068,2903,0.001,0.0094,27,483678,4.4,4074,17914
CAMP00178,US NRT Fir Organic Q2,Organic Search,US,HKG-NRT,First,2024-03-01,2024-04-07,37,2154,44615,1258,0.0282,0.0028,3,20499,9.52,718,6833
CAMP00179,TH LHR Bus YouTube Q1,YouTube / Video,TH,HKG-LHR,Business,2023-11-07,2023-12-03,26,202255,6037305,73655,0.0122,0.0189,1392,24600816,121.63,145,17673
CAMP00180,TW DXB Fir Organic Q2,Organic Search,TW,HKG-DXB,First,2024-04-20,2024-05-03,13,2235,61109,1674,0.0274,0.001,1,21962,9.83,2235,21962
CAMP00181,AU MEL Eco Paid Q3,Paid Social,AU,HKG-MEL,Economy,2023-06-13,2023-06-25,12,82700,3008900,18956,0.0063,0.0074,140,1399580,16.92,591,9997
CAMP00182,TH BKK Eco Email Q2,Email CRM,TH,HKG-BKK,Economy,2024-02-17,2024-03-15,27,38602,959179,30214,0.0315,0.0137,413,2859199,74.07,93,6923
CAMP00183,TH YVR Fir Affiliate Q2,Affiliate,TH,HKG-YVR,First,2024-03-14,2024-05-02,49,15215,304868,11371,0.0373,0.0113,128,1358848,89.31,119,10616
CAMP00184,AU YVR Pre Email Q3,Email CRM,AU,HKG-YVR,Premium Economy,2024-03-06,2024-04-08,33,33322,2029901,31666,0.0156,0.0212,671,6072550,182.24,50,9050
CAMP00185,KR SIN Bus Email Q3,Email CRM,KR,HKG-SIN,Business,2023-07-16,2023-08-17,32,47718,2636905,30060,0.0114,0.0204,613,9730149,203.91,78,15873
CAMP00186,SG SYD Pre Paid Q1,Paid Social,SG,HKG-SYD,Premium Economy,2023-07-27,2023-08-15,19,236699,7495809,7495,0.001,0.0252,188,4136376,17.48,1259,22002
CAMP00187,US CDG Pre Email Q4,Email CRM,US,HKG-CDG,Premium Economy,2023-06-25,2023-07-31,36,23129,790599,17235,0.0218,0.024,413,6657973,287.86,56,16121
CAMP00188,SG CDG Fir Paid Q4,Paid Social,SG,HKG-CDG,First,2023-11-11,2023-12-21,40,46038,1400915,25216,0.018,0.0271,683,3934763,85.47,67,5761
CAMP00189,TW LHR Eco Programmatic Q3,Programmatic Display,TW,HKG-LHR,Economy,2024-02-03,2024-04-02,59,170141,14222313,91022,0.0064,0.018,1638,16253874,95.53,104,9923
CAMP00190,TH YVR Fir Affiliate Q3,Affiliate,TH,HKG-YVR,First,2023-09-04,2023-10-19,45,10283,392914,11944,0.0304,0.0204,243,4413852,429.24,42,18164
CAMP00191,TW SIN Fir Affiliate Q3,Affiliate,TW,HKG-SIN,First,2023-10-06,2023-11-14,39,71319,2140482,41953,0.0196,0.0221,927,9516582,133.44,77,10266
CAMP00192,TH SYD Bus YouTube Q2,YouTube / Video,TH,HKG-SYD,Business,2023-07-14,2023-09-07,55,563083,16854909,203944,0.0121,0.0191,3895,61930500,109.98,145,15900
CAMP00193,TH BKK Pre Programmatic Q2,Programmatic Display,TH,HKG-BKK,Premium Economy,2023-05-29,2023-06-27,29,54545,1502892,27502,0.0183,0.0148,407,7435076,136.31,134,18268
CAMP00194,HK FRA Eco Organic Q2,Organic Search,HK,HKG-FRA,Economy,2024-03-23,2024-05-18,56,7398,190627,7224,0.0379,0.0153,110,1126510,152.27,67,10241
CAMP00195,UK DXB Bus Paid Q1,Paid Search,UK,HKG-DXB,Business,2024-07-08,2024-08-03,26,128958,3616129,116439,0.0322,0.0115,1339,23088377,179.04,96,17243
CAMP00196,TW BKK Pre Programmatic Q4,Programmatic Display,TW,HKG-BKK,Premium Economy,2023-07-17,2023-07-30,13,60616,1456774,34088,0.0234,0.0214,729,8571582,141.41,83,11758
CAMP00197,US MNL Eco Paid Q2,Paid Search,US,HKG-MNL,Economy,2024-08-08,2024-09-06,29,415394,11871647,384641,0.0324,0.0172,5000,29855000,71.87,83,5971
CAMP00198,HK ICN Pre Programmatic Q2,Programmatic Display,HK,HKG-ICN,Premium Economy,2024-01-24,2024-02-06,13,196243,6229875,69151,0.0111,0.0127,878,9823064,50.06,224,11188
CAMP00199,HK DXB Fir Organic Q4,Organic Search,HK,HKG-DXB,First,2023-04-25,2023-05-08,13,2647,77289,1963,0.0254,0.0127,24,304848,115.17,110,12702
CAMP00200,US MEL Pre Programmatic Q3,Programmatic Display,US,HKG-MEL,Premium Economy,2023-09-06,2023-10-29,53,185840,13229179,354541,0.0268,0.0083,2942,8978984,48.32,63,3052
CAMP00201,CN FRA Eco Organic Q3,Organic Search,CN,HKG-FRA,Economy,2023-01-06,2023-02-24,49,9132,436389,8465,0.0194,0.0258,218,4935302,540.44,42,22639
CAMP00202,AU MNL Bus Email Q1,Email CRM,AU,HKG-MNL,Business,2023-01-27,2023-02-14,18,39623,1274215,38481,0.0302,0.0186,715,10448295,263.69,55,14613
CAMP00203,AU TPE Eco Affiliate Q2,Affiliate,AU,HKG-TPE,Economy,2023-08-17,2023-10-07,51,22604,503211,7850,0.0156,0.0111,87,330426,14.62,260,3798
CAMP00204,AU DXB Fir Email Q3,Email CRM,AU,HKG-DXB,First,2023-11-06,2023-11-16,10,18473,497092,15459,0.0311,0.0245,378,8351910,452.11,49,22095
CAMP00205,US MEL Fir Programmatic Q2,Programmatic Display,US,HKG-MEL,First,2024-06-26,2024-07-18,22,141987,10427704,329515,0.0316,0.0135,4448,97024224,683.33,32,21813
CAMP00206,HK FRA Fir Out-of-Home Q1,Out-of-Home,HK,HKG-FRA,First,2023-04-02,2023-05-16,44,999297,29660652,29660,0.001,0.0067,198,646470,0.65,5047,3265
CAMP00207,US BKK Fir Organic Q4,Organic Search,US,HKG-BKK,First,2024-07-24,2024-08-16,23,8144,431595,16961,0.0393,0.0262,444,2925516,359.22,18,6589
CAMP00208,SG SIN Eco Programmatic Q2,Programmatic Display,SG,HKG-SIN,Economy,2023-06-09,2023-07-24,45,95648,2430040,2430,0.001,0.0137,33,363099,3.8,2898,11003
CAMP00209,SG MNL Eco Out-of-Home Q3,Out-of-Home,SG,HKG-MNL,Economy,2023-04-05,2023-05-28,53,311730,7233111,127302,0.0176,0.0147,1871,26491489,84.98,167,14159
CAMP00210,CN DXB Pre Programmatic Q2,Programmatic Display,CN,HKG-DXB,Premium Economy,2024-04-20,2024-04-30,10,192860,5716360,213220,0.0373,0.0183,3901,73986366,383.63,49,18966
CAMP00211,US TPE Pre Affiliate Q3,Affiliate,US,HKG-TPE,Premium Economy,2024-06-10,2024-06-18,8,34858,1035760,21958,0.0212,0.0271,595,7339325,210.55,59,12335
CAMP00212,TW YVR Fir Out-of-Home Q4,Out-of-Home,TW,HKG-YVR,First,2024-02-16,2024-04-12,56,407997,17329380,128237,0.0074,0.0182,2333,38394181,94.1,175,16457
CAMP00213,TW MEL Bus Email Q4,Email CRM,TW,HKG-MEL,Business,2023-03-20,2023-04-23,34,48403,1737989,20682,0.0119,0.0084,173,557406,11.52,280,3222
CAMP00214,TH JFK Bus Affiliate Q1,Affiliate,TH,HKG-JFK,Business,2023-03-20,2023-04-22,33,60549,1358687,50679,0.0373,0.0224,1135,19847745,327.8,53,17487
CAMP00215,TW JFK Fir Programmatic Q3,Programmatic Display,TW,HKG-JFK,First,2023-09-23,2023-10-24,31,67627,1737018,3300,0.0019,0.0141,46,1064348,15.74,1470,23138
CAMP00216,US FRA Bus Paid Q4,Paid Search,US,HKG-FRA,Business,2023-11-03,2023-12-02,29,52405,1702005,65527,0.0385,0.0331,2168,31600768,603.01,24,14576
CAMP00217,SG BKK Pre Paid Q3,Paid Search,SG,HKG-BKK,Premium Economy,2024-11-10,2024-12-23,43,243480,9845812,239253,0.0243,0.018,4306,56012448,230.05,57,13008
CAMP00218,UK ICN Pre Email Q1,Email CRM,UK,HKG-ICN,Premium Economy,2023-07-14,2023-08-20,37,49370,4108965,43965,0.0107,0.001,43,410048,8.31,1148,9536
CAMP00219,US YVR Bus Organic Q1,Organic Search,US,HKG-YVR,Business,2023-05-11,2023-05-26,15,4325,275122,4952,0.018,0.0209,103,2471279,571.39,42,23993
CAMP00220,AU DXB Eco Paid Q1,Paid Social,AU,HKG-DXB,Economy,2024-10-05,2024-11-14,40,218872,12350990,158092,0.0128,0.0336,5000,18650000,85.21,44,3730
CAMP00221,TH CDG Bus Email Q1,Email CRM,TH,HKG-CDG,Business,2023-04-15,2023-05-27,42,16386,657139,23262,0.0354,0.0306,711,6617988,403.88,23,9308
CAMP00222,KR MNL Bus Affiliate Q4,Affiliate,KR,HKG-MNL,Business,2023-01-18,2023-01-31,13,79805,1670757,56471,0.0338,0.0326,1840,11133840,139.51,43,6051
CAMP00223,AU DXB Bus Paid Q4,Paid Social,AU,HKG-DXB,Business,2023-10-15,2023-11-10,26,239463,7927627,34881,0.0044,0.0098,341,7521778,31.41,702,22058
CAMP00224,TW YVR Bus Affiliate Q3,Affiliate,TW,HKG-YVR,Business,2023-09-30,2023-11-17,48,64747,3338574,67439,0.0202,0.0253,1706,23230602,358.79,38,13617
CAMP00225,AU MNL Fir Programmatic Q3,Programmatic Display,AU,HKG-MNL,First,2024-02-26,2024-04-05,39,158932,11168793,163064,0.0146,0.0122,1989,46327788,291.49,80,23292
CAMP00226,TW JFK Fir Out-of-Home Q4,Out-of-Home,TW,HKG-JFK,First,2024-08-19,2024-09-02,14,620940,26386799,1068665,0.0405,0.0198,5000,88165000,141.99,124,17633
CAMP00227,HK MNL Bus YouTube Q2,YouTube / Video,HK,HKG-MNL,Business,2024-09-26,2024-10-05,9,352388,8266347,72743,0.0088,0.0078,567,8646750,24.54,621,15250
CAMP00228,SG SYD Pre YouTube Q2,YouTube / Video,SG,HKG-SYD,Premium Economy,2023-07-16,2023-08-22,37,611273,24128836,1068907,0.0443,0.0128,5000,71920000,117.66,122,14384
CAMP00229,CN SIN Eco Paid Q3,Paid Social,CN,HKG-SIN,Economy,2024-10-28,2024-11-28,31,255483,6246492,153663,0.0246,0.0126,1936,14438688,56.52,132,7458
CAMP00230,TW ICN Fir Email Q2,Email CRM,TW,HKG-ICN,First,2024-03-06,2024-05-02,57,42847,1017545,11294,0.0111,0.0252,284,4363660,101.84,151,15365
CAMP00231,SG TPE Fir Out-of-Home Q1,Out-of-Home,SG,HKG-TPE,First,2023-02-17,2023-03-23,34,291767,20215507,341642,0.0169,0.0244,5000,90375000,309.75,58,18075
CAMP00232,TH MNL Bus Paid Q3,Paid Search,TH,HKG-MNL,Business,2024-09-30,2024-11-25,56,354466,10320327,158933,0.0154,0.0202,3210,77800770,219.49,110,24237
CAMP00233,TW TPE Fir Out-of-Home Q4,Out-of-Home,TW,HKG-TPE,First,2023-04-04,2023-04-22,18,103875,2147782,20833,0.0097,0.0072,149,2246473,21.63,697,15077
CAMP00234,UK DXB Fir Email Q1,Email CRM,UK,HKG-DXB,First,2024-02-05,2024-03-06,30,30739,1178393,30756,0.0261,0.0155,476,11259304,366.29,65,23654
CAMP00235,CN LAX Fir Affiliate Q1,Affiliate,CN,HKG-LAX,First,2024-06-21,2024-07-05,14,61405,5101030,52540,0.0103,0.012,630,14980770,243.97,97,23779
CAMP00236,TW LHR Bus Affiliate Q2,Affiliate,TW,HKG-LHR,Business,2023-06-19,2023-07-26,37,42714,910123,910,0.001,0.025,22,318912,7.47,1942,14496
CAMP00237,JP JFK Eco Email Q4,Email CRM,JP,HKG-JFK,Economy,2023-07-04,2023-07-20,16,49733,1096729,22373,0.0204,0.0274,613,7762419,156.08,81,12663
CAMP00238,TW SIN Eco Programmatic Q3,Programmatic Display,TW,HKG-SIN,Economy,2023-11-20,2023-12-23,33,178932,5793368,19697,0.0034,0.0265,521,3198419,17.88,343,6139
CAMP00239,KR LHR Eco Affiliate Q3,Affiliate,KR,HKG-LHR,Economy,2024-08-24,2024-09-18,25,13477,419973,6719,0.016,0.012,80,712560,52.87,168,8907
CAMP00240,KR FRA Pre Paid Q3,Paid Social,KR,HKG-FRA,Premium Economy,2023-06-02,2023-06-18,16,86385,4677133,65947,0.0141,0.001,65,1452100,16.81,1329,22340
CAMP00241,TW TPE Bus YouTube Q2,YouTube / Video,TW,HKG-TPE,Business,2024-03-27,2024-04-08,12,229758,5370934,77878,0.0145,0.0039,303,1830726,7.97,758,6042
CAMP00242,CN MNL Pre Paid Q3,Paid Search,CN,HKG-MNL,Premium Economy,2023-11-04,2023-12-08,34,453901,15158328,742758,0.049,0.0294,5000,58675000,129.27,91,11735
CAMP00243,UK FRA Eco Affiliate Q1,Affiliate,UK,HKG-FRA,Economy,2023-03-18,2023-05-14,57,56702,4993521,128333,0.0257,0.0148,1899,34882731,615.19,30,18369
CAMP00244,TW MEL Eco Affiliate Q1,Affiliate,TW,HKG-MEL,Economy,2024-04-28,2024-05-15,17,75598,2025637,56515,0.0279,0.012,678,5622654,74.38,112,8293
CAMP00245,JP MNL Fir Paid Q4,Paid Search,JP,HKG-MNL,First,2024-07-20,2024-08-17,28,414473,8631284,31935,0.0037,0.0311,993,24258990,58.53,417,24430
CAMP00246,US ICN Fir Out-of-Home Q3,Out-of-Home,US,HKG-ICN,First,2024-01-27,2024-02-14,18,790857,18321286,315126,0.0172,0.0281,5000,86440000,109.3,158,17288
CAMP00247,JP YVR Pre Email Q1,Email CRM,JP,HKG-YVR,Premium Economy,2023-04-30,2023-06-18,49,9006,427069,11787,0.0276,0.0182,214,775322,86.09,42,3623
CAMP00248,JP SIN Fir Out-of-Home Q2,Out-of-Home,JP,HKG-SIN,First,2023-04-16,2023-05-14,28,226301,18651688,236876,0.0127,0.0157,3718,31368766,138.62,61,8437
CAMP00249,AU MNL Bus Paid Q1,Paid Search,AU,HKG-MNL,Business,2023-10-15,2023-12-12,58,227855,4785456,171797,0.0359,0.0169,2903,55995967,245.75,78,19289
CAMP00250,TH NRT Fir Paid Q3,Paid Social,TH,HKG-NRT,First,2023-12-11,2023-12-30,19,121362,2555930,27092,0.0106,0.0198,536,11786640,97.12,226,21990
CAMP00251,AU YVR Fir Email Q4,Email CRM,AU,HKG-YVR,First,2024-01-11,2024-01-22,11,38618,1233935,26652,0.0216,0.0308,820,19181440,496.7,47,23392
CAMP00252,HK JFK Bus Paid Q2,Paid Social,HK,HKG-JFK,Business,2023-06-15,2023-07-22,37,72183,2022346,36402,0.018,0.0214,779,16923775,234.46,93,21725
CAMP00253,TH TPE Pre Programmatic Q2,Programmatic Display,TH,HKG-TPE,Premium Economy,2023-12-07,2024-01-17,41,86877,3047887,82292,0.027,0.0238,1958,9094910,104.69,44,4645
CAMP00254,US DXB Bus Affiliate Q1,Affiliate,US,HKG-DXB,Business,2023-07-20,2023-09-17,59,31291,1167983,20206,0.0173,0.0274,553,10536309,336.72,57,19053
CAMP00255,SG JFK Pre Paid Q2,Paid Social,SG,HKG-JFK,Premium Economy,2024-04-11,2024-06-03,53,80985,5480128,118918,0.0217,0.0086,1022,5542306,68.44,79,5423
CAMP00256,TW NRT Pre Affiliate Q2,Affiliate,TW,HKG-NRT,Premium Economy,2024-06-25,2024-08-17,53,25552,1842234,40897,0.0222,0.024,981,4595004,179.83,26,4684
CAMP00257,JP CDG Bus Paid Q1,Paid Search,JP,HKG-CDG,Business,2024-03-19,2024-04-28,40,137973,7145422,115755,0.0162,0.0156,1805,32892515,238.4,76,18223
CAMP00258,AU CDG Bus Paid Q2,Paid Social,AU,HKG-CDG,Business,2023-01-01,2023-01-27,26,182380,4195958,129235,0.0308,0.001,129,1743951,9.56,1414,13519
CAMP00259,TW ICN Bus YouTube Q4,YouTube / Video,TW,HKG-ICN,Business,2024-11-05,2024-12-04,29,375235,23699114,661205,0.0279,0.001,661,11405555,30.4,568,17255
CAMP00260,AU NRT Pre Out-of-Home Q4,Out-of-Home,AU,HKG-NRT,Premium Economy,2023-01-17,2023-01-31,14,491759,25789825,616376,0.0239,0.0099,5000,108660000,220.96,98,21732
CAMP00261,US MEL Pre Paid Q2,Paid Social,US,HKG-MEL,Premium Economy,2024-11-10,2024-12-09,29,159442,4991209,98825,0.0198,0.0222,2193,9899202,62.09,73,4514
CAMP00262,TH YVR Eco Programmatic Q4,Programmatic Display,TH,HKG-YVR,Economy,2023-01-22,2023-02-17,26,153390,8244447,285257,0.0346,0.0189,5000,73025000,476.07,31,14605
CAMP00263,TH ICN Bus Organic Q1,Organic Search,TH,HKG-ICN,Business,2023-12-18,2023-12-26,8,8618,521409,11575,0.0222,0.0195,225,4805325,557.59,38,21357
CAMP00264,JP NRT Bus Organic Q4,Organic Search,JP,HKG-NRT,Business,2023-03-14,2023-03-31,17,5264,161806,3446,0.0213,0.0336,115,1458890,277.14,46,12686
CAMP00265,TW LHR Fir YouTube Q2,YouTube / Video,TW,HKG-LHR,First,2023-03-06,2023-04-10,35,542421,21939285,577003,0.0263,0.0078,4500,65317500,120.42,121,14515
CAMP00266,CN LHR Bus Email Q3,Email CRM,CN,HKG-LHR,Business,2024-04-09,2024-05-05,26,38235,1090983,49530,0.0454,0.0178,881,12291712,321.48,43,13952
CAMP00267,SG LAX Pre Programmatic Q1,Programmatic Display,SG,HKG-LAX,Premium Economy,2024-05-09,2024-07-07,59,144272,3103410,27620,0.0089,0.0204,563,12925354,89.59,256,22958
CAMP00268,AU MNL Eco YouTube Q4,YouTube / Video,AU,HKG-MNL,Economy,2023-03-22,2023-04-23,32,176669,11014465,376694,0.0342,0.0121,4557,18670029,105.68,39,4097
CAMP00269,JP LHR Eco YouTube Q2,YouTube / Video,JP,HKG-LHR,Economy,2024-10-26,2024-12-22,57,787750,16927265,38932,0.0023,0.0182,708,15799020,20.06,1113,22315
CAMP00270,CN LAX Pre Programmatic Q4,Programmatic Display,CN,HKG-LAX,Premium Economy,2023-08-06,2023-09-17,42,49665,1077341,29734,0.0276,0.0052,154,3227840,64.99,322,20960
CAMP00271,TH JFK Pre Paid Q1,Paid Search,TH,HKG-JFK,Premium Economy,2023-08-05,2023-08-14,9,235329,5452036,239344,0.0439,0.0293,5000,104375000,443.53,47,20875
CAMP00272,HK MEL Pre Paid Q3,Paid Social,HK,HKG-MEL,Premium Economy,2023-07-21,2023-08-07,17,206202,5849463,180748,0.0309,0.0125,2259,27266130,132.23,91,12070
CAMP00273,TW BKK Pre Organic Q1,Organic Search,TW,HKG-BKK,Premium Economy,2023-11-10,2023-12-24,44,4033,115871,3128,0.027,0.0343,107,1535343,380.7,38,14349
CAMP00274,KR TPE Fir Email Q4,Email CRM,KR,HKG-TPE,First,2023-05-01,2023-06-05,35,15940,448149,8201,0.0183,0.0177,145,1611965,101.13,110,11117
CAMP00275,TH BKK Eco Email Q2,Email CRM,TH,HKG-BKK,Economy,2023-10-16,2023-11-07,22,46550,1237379,31429,0.0254,0.0262,823,7025951,150.93,57,8537
CAMP00276,SG DXB Pre Email Q3,Email CRM,SG,HKG-DXB,Premium Economy,2023-05-23,2023-06-26,34,8218,770970,16961,0.022,0.0176,298,6633182,807.15,28,22259
CAMP00277,AU TPE Eco Out-of-Home Q4,Out-of-Home,AU,HKG-TPE,Economy,2023-02-04,2023-03-30,54,321288,6648662,103719,0.0156,0.0178,1846,26085826,81.19,174,14131
CAMP00278,UK LHR Pre Paid Q3,Paid Search,UK,HKG-LHR,Premium Economy,2023-09-08,2023-10-05,27,496848,14864940,319596,0.0215,0.0133,4250,80380250,161.78,117,18913
CAMP00279,KR ICN Bus Paid Q1,Paid Search,KR,HKG-ICN,Business,2024-04-02,2024-04-11,9,378416,9171801,251307,0.0274,0.019,4774,24905958,65.82,79,5217
CAMP00280,KR TPE Eco Programmatic Q1,Programmatic Display,KR,HKG-TPE,Economy,2024-06-02,2024-06-25,23,35655,1421011,22451,0.0158,0.0205,460,9363760,262.62,78,20356
CAMP00281,CN TPE Pre Email Q1,Email CRM,CN,HKG-TPE,Premium Economy,2023-08-29,2023-10-24,56,38955,3711453,56785,0.0153,0.0117,664,11616016,298.19,59,17494
CAMP00282,AU LAX Eco Affiliate Q4,Affiliate,AU,HKG-LAX,Economy,2023-08-09,2023-09-25,47,97255,3200294,27842,0.0087,0.017,473,11799931,121.33,206,24947
CAMP00283,AU ICN Fir Email Q4,Email CRM,AU,HKG-ICN,First,2024-06-19,2024-08-09,51,9400,310357,9217,0.0297,0.0131,120,713640,75.92,78,5947
CAMP00284,SG LAX Bus Email Q2,Email CRM,SG,HKG-LAX,Business,2024-04-08,2024-06-02,55,23632,859984,27089,0.0315,0.0364,986,14671680,620.84,24,14880
CAMP00285,US LHR Eco Organic Q4,Organic Search,US,HKG-LHR,Economy,2024-07-19,2024-08-01,13,4682,198485,5517,0.0278,0.0173,95,1353275,289.04,49,14245
CAMP00286,HK MEL Eco Paid Q1,Paid Social,HK,HKG-MEL,Economy,2024-09-08,2024-09-29,21,65373,3269787,119674,0.0366,0.0304,3638,54002472,826.07,18,14844
CAMP00287,CN NRT Eco YouTube Q3,YouTube / Video,CN,HKG-NRT,Economy,2024-07-12,2024-07-22,10,224404,7215146,188315,0.0261,0.0164,3088,12957248,57.74,73,4196
CAMP00288,US JFK Pre YouTube Q2,YouTube / Video,US,HKG-JFK,Premium Economy,2024-09-28,2024-10-05,7,205103,8200470,243553,0.0297,0.0201,4895,65632160,320.0,42,13408
CAMP00289,HK DXB Fir Email Q1,Email CRM,HK,HKG-DXB,First,2023-10-11,2023-12-01,51,13341,273396,7819,0.0286,0.0074,57,546573,40.97,234,9589
CAMP00290,HK NRT Bus Out-of-Home Q2,Out-of-Home,HK,HKG-NRT,Business,2023-09-26,2023-11-21,56,463175,27379114,654360,0.0239,0.0144,5000,82905000,178.99,93,16581
CAMP00291,SG ICN Fir Programmatic Q2,Programmatic Display,SG,HKG-ICN,First,2023-08-07,2023-08-22,15,103489,4541655,84474,0.0186,0.0197,1664,13486720,130.32,62,8105
CAMP00292,TW YVR Pre Organic Q2,Organic Search,TW,HKG-YVR,Premium Economy,2023-06-09,2023-07-24,45,2379,109336,5641,0.0516,0.0307,173,2174783,914.16,14,12571
CAMP00293,KR LHR Pre Programmatic Q1,Programmatic Display,KR,HKG-LHR,Premium Economy,2024-05-24,2024-06-28,35,72097,2272033,44531,0.0196,0.0198,881,14659840,203.33,82,16640
CAMP00294,SG MNL Pre YouTube Q2,YouTube / Video,SG,HKG-MNL,Premium Economy,2024-04-30,2024-05-10,10,218410,7287326,123884,0.017,0.0291,3605,15890840,72.76,61,4408
CAMP00295,UK FRA Eco YouTube Q1,YouTube / Video,UK,HKG-FRA,Economy,2024-06-28,2024-08-22,55,653163,18270488,551768,0.0302,0.0231,5000,101545000,155.47,131,20309
CAMP00296,TH NRT Fir Out-of-Home Q4,Out-of-Home,TH,HKG-NRT,First,2023-04-24,2023-06-16,53,290578,6053699,169503,0.028,0.031,5000,93730000,322.56,58,18746
CAMP00297,SG BKK Eco Email Q2,Email CRM,SG,HKG-BKK,Economy,2023-12-01,2024-01-07,37,45842,2141264,17344,0.0081,0.0175,303,1290780,28.16,151,4260
CAMP00298,JP FRA Pre Programmatic Q1,Programmatic Display,JP,HKG-FRA,Premium Economy,2023-05-31,2023-07-14,44,116993,3102368,119441,0.0385,0.0371,4431,19602744,167.55,26,4424
CAMP00299,SG LHR Bus Paid Q3,Paid Search,SG,HKG-LHR,Business,2024-08-30,2024-09-27,28,411224,37378535,893346,0.0239,0.0141,5000,108530000,263.92,82,21706
CAMP00300,HK TPE Eco Programmatic Q4,Programmatic Display,HK,HKG-TPE,Economy,2023-07-01,2023-08-19,49,134550,6564843,76808,0.0117,0.0119,914,8438962,62.72,147,9233
CAMP00301,JP YVR Pre Out-of-Home Q2,Out-of-Home,JP,HKG-YVR,Premium Economy,2023-04-08,2023-05-08,30,339427,11889365,467252,0.0393,0.0083,3878,85067808,250.62,88,21936
CAMP00302,US BKK Pre Paid Q4,Paid Search,US,HKG-BKK,Premium Economy,2024-01-23,2024-03-22,59,320612,28524728,927053,0.0325,0.0366,5000,69915000,218.07,64,13983
CAMP00303,TH MEL Pre Organic Q3,Organic Search,TH,HKG-MEL,Premium Economy,2024-08-20,2024-08-30,10,2741,78975,773,0.0098,0.0246,19,200051,72.98,144,10529
CAMP00304,TW DXB Eco YouTube Q3,YouTube / Video,TW,HKG-DXB,Economy,2024-09-14,2024-09-30,16,165363,4453331,206189,0.0463,0.0153,3154,28442772,172.0,52,9018
CAMP00305,TW BKK Eco Paid Q2,Paid Social,TW,HKG-BKK,Economy,2023-03-07,2023-05-04,58,98776,2477497,81509,0.0329,0.028,2282,39930436,404.25,43,17498
CAMP00306,US NRT Eco Programmatic Q1,Programmatic Display,US,HKG-NRT,Economy,2023-08-10,2023-09-01,22,69615,2270327,56531,0.0249,0.0235,1328,7188464,103.26,52,5413
CAMP00307,AU NRT Pre YouTube Q2,YouTube / Video,AU,HKG-NRT,Premium Economy,2023-04-15,2023-05-08,23,177227,5188480,228811,0.0441,0.0337,5000,59285000,334.51,35,11857
CAMP00308,JP YVR Eco Programmatic Q4,Programmatic Display,JP,HKG-YVR,Economy,2023-07-29,2023-09-15,48,24249,938334,25241,0.0269,0.0056,141,1495728,61.68,172,10608
CAMP00309,TH ICN Fir Paid Q4,Paid Search,TH,HKG-ICN,First,2023-12-30,2024-01-16,17,474709,40747129,1006454,0.0247,0.0159,5000,31960000,67.33,95,6392
CAMP00310,HK FRA Eco Affiliate Q4,Affiliate,HK,HKG-FRA,Economy,2023-07-10,2023-08-13,34,56207,4015338,68662,0.0171,0.0143,981,10557522,187.83,57,10762
CAMP00311,KR LAX Bus Affiliate Q4,Affiliate,KR,HKG-LAX,Business,2023-02-15,2023-03-09,22,46184,1275806,40825,0.032,0.0022,89,1302070,28.19,519,14630
CAMP00312,CN TPE Bus Paid Q2,Paid Search,CN,HKG-TPE,Business,2023-12-13,2023-12-30,17,468478,9402994,288671,0.0307,0.0265,5000,89530000,191.11,94,17906
CAMP00313,UK ICN Pre Programmatic Q2,Programmatic Display,UK,HKG-ICN,Premium Economy,2023-02-05,2023-04-04,58,60444,5685032,143262,0.0252,0.0158,2263,11086437,183.42,27,4899
CAMP00314,TW MEL Fir Paid Q4,Paid Social,TW,HKG-MEL,First,2023-06-04,2023-06-21,17,138775,4295995,66587,0.0155,0.0239,1591,35307472,254.42,87,22192
CAMP00315,KR SIN Eco Affiliate Q3,Affiliate,KR,HKG-SIN,Economy,2023-01-01,2023-01-12,11,86200,2152828,57265,0.0266,0.0369,2113,47174838,547.27,41,22326
CAMP00316,HK BKK Eco Affiliate Q2,Affiliate,HK,HKG-BKK,Economy,2023-03-01,2023-04-12,42,66882,1552831,37578,0.0242,0.0152,571,10405333,155.58,117,18223
CAMP00317,AU CDG Pre Affiliate Q2,Affiliate,AU,HKG-CDG,Premium Economy,2023-10-24,2023-12-15,52,45927,1443873,12994,0.009,0.0146,189,4410126,96.02,243,23334
CAMP00318,CN YVR Eco Organic Q4,Organic Search,CN,HKG-YVR,Economy,2024-08-01,2024-08-14,13,2558,73512,536,0.0073,0.0189,10,124140,48.53,256,12414
CAMP00319,TH LAX Pre Out-of-Home Q1,Out-of-Home,TH,HKG-LAX,Premium Economy,2024-06-10,2024-07-24,44,131605,3475270,110513,0.0318,0.0259,2862,60316650,458.32,46,21075
CAMP00320,HK JFK Pre Programmatic Q1,Programmatic Display,HK,HKG-JFK,Premium Economy,2023-03-09,2023-04-13,35,35309,795989,795,0.001,0.0135,10,189990,5.38,3531,18999
CAMP00321,CN SIN Fir Paid Q3,Paid Search,CN,HKG-SIN,First,2023-01-24,2023-03-15,50,122873,8251171,226907,0.0275,0.013,2949,45340875,369.01,42,15375
CAMP00322,AU CDG Pre YouTube Q1,YouTube / Video,AU,HKG-CDG,Premium Economy,2023-08-18,2023-08-31,13,646365,13738624,265155,0.0193,0.0265,5000,34745000,53.75,129,6949
CAMP00323,CN MEL Fir Organic Q1,Organic Search,CN,HKG-MEL,First,2024-03-19,2024-05-16,58,6392,578949,23563,0.0407,0.021,494,7541898,1179.9,13,15267
CAMP00324,CN ICN Fir Organic Q4,Organic Search,CN,HKG-ICN,First,2024-05-22,2024-06-30,39,4334,99751,1905,0.0191,0.0016,3,68487,15.8,1445,22829
CAMP00325,HK SYD Fir Paid Q2,Paid Social,HK,HKG-SYD,First,2024-07-13,2024-09-02,51,241384,18469095,607633,0.0329,0.0082,4982,122861102,508.99,48,24661
CAMP00326,CN BKK Eco Paid Q3,Paid Social,CN,HKG-BKK,Economy,2023-08-21,2023-09-16,26,73410,4127605,83377,0.0202,0.03,2501,32155357,438.02,29,12857
CAMP00327,KR JFK Fir Paid Q2,Paid Search,KR,HKG-JFK,First,2023-04-25,2023-06-20,56,144920,14269726,376720,0.0264,0.0212,5000,42265000,291.64,29,8453
CAMP00328,KR BKK Bus Paid Q1,Paid Social,KR,HKG-BKK,Business,2023-01-18,2023-02-27,40,136036,4891574,165335,0.0338,0.0119,1967,38248315,281.16,69,19445
CAMP00329,HK LAX Fir YouTube Q1,YouTube / Video,HK,HKG-LAX,First,2023-04-10,2023-04-23,13,740524,31681026,614611,0.0194,0.0166,5000,23350000,31.53,148,4670
CAMP00330,UK YVR Pre YouTube Q4,YouTube / Video,UK,HKG-YVR,Premium Economy,2023-02-14,2023-04-10,55,522247,31385570,1161266,0.037,0.0181,5000,31620000,60.55,104,6324
CAMP00331,UK BKK Fir Programmatic Q1,Programmatic Display,UK,HKG-BKK,First,2024-08-08,2024-09-26,49,173179,6175346,80897,0.0131,0.0239,1933,29694746,171.47,90,15362
CAMP00332,SG YVR Bus Programmatic Q3,Programmatic Display,SG,HKG-YVR,Business,2023-07-02,2023-07-24,22,64669,2478229,70629,0.0285,0.0071,501,12416784,192.01,129,24784
CAMP00333,AU ICN Eco Out-of-Home Q2,Out-of-Home,AU,HKG-ICN,Economy,2024-07-13,2024-08-17,35,863542,21213890,765821,0.0361,0.0113,5000,51165000,59.25,173,10233
CAMP00334,KR CDG Pre Email Q2,Email CRM,KR,HKG-CDG,Premium Economy,2024-01-12,2024-02-08,27,8261,180666,5943,0.0329,0.0202,120,1530360,185.25,69,12753
CAMP00335,TW MNL Eco Out-of-Home Q4,Out-of-Home,TW,HKG-MNL,Economy,2024-01-02,2024-02-06,35,304895,8445215,405370,0.048,0.0172,5000,50455000,165.48,61,10091
CAMP00336,KR DXB Fir Organic Q3,Organic Search,KR,HKG-DXB,First,2023-11-06,2024-01-03,58,5230,349215,5517,0.0158,0.0226,124,1573684,300.9,42,12691
CAMP00337,AU SIN Pre Programmatic Q3,Programmatic Display,AU,HKG-SIN,Premium Economy,2024-07-11,2024-09-03,54,29096,1333722,11336,0.0085,0.0082,92,290260,9.98,316,3155
CAMP00338,HK TPE Eco Paid Q2,Paid Social,HK,HKG-TPE,Economy,2023-01-30,2023-02-17,18,261730,5624642,73682,0.0131,0.0209,1539,24751737,94.57,170,16083
CAMP00339,TH YVR Bus Organic Q2,Organic Search,TH,HKG-YVR,Business,2023-03-05,2023-05-02,58,8674,640176,21061,0.0329,0.0267,562,9057754,1044.24,15,16117
CAMP00340,UK CDG Pre Affiliate Q3,Affiliate,UK,HKG-CDG,Premium Economy,2023-10-15,2023-11-14,30,58732,2235345,69295,0.031,0.0219,1517,15082014,256.79,39,9942
CAMP00341,CN SYD Eco Programmatic Q1,Programmatic Display,CN,HKG-SYD,Economy,2023-09-26,2023-11-09,44,75044,1573243,41218,0.0262,0.0191,787,6931896,92.37,95,8808
CAMP00342,TH JFK Fir YouTube Q1,YouTube / Video,TH,HKG-JFK,First,2024-01-07,2024-02-23,47,151254,3149380,36217,0.0115,0.0172,622,12287610,81.24,243,19755
CAMP00343,HK CDG Fir YouTube Q3,YouTube / Video,HK,HKG-CDG,First,2024-05-16,2024-06-17,32,525619,19873581,679676,0.0342,0.0113,5000,35660000,67.84,105,7132
CAMP00344,HK SYD Bus Organic Q3,Organic Search,HK,HKG-SYD,Business,2024-02-04,2024-03-06,31,5376,146501,1508,0.0103,0.0174,26,104910,19.51,207,4035
CAMP00345,HK MNL Bus Programmatic Q1,Programmatic Display,HK,HKG-MNL,Business,2023-06-25,2023-07-26,31,156794,5546338,215752,0.0389,0.0281,5000,19445000,124.02,31,3889
CAMP00346,AU ICN Pre Organic Q4,Organic Search,AU,HKG-ICN,Premium Economy,2023-08-11,2023-10-02,52,6025,150105,8901,0.0593,0.017,151,3382098,561.34,40,22398
CAMP00347,HK BKK Bus Organic Q3,Organic Search,HK,HKG-BKK,Business,2024-05-26,2024-06-22,27,1282,113821,3346,0.0294,0.0109,36,396540,309.31,36,11015
CAMP00348,KR TPE Bus Paid Q1,Paid Social,KR,HKG-TPE,Business,2023-05-17,2023-06-07,21,62876,3988003,127616,0.032,0.0141,1799,9426760,149.93,35,5240
CAMP00349,CN CDG Eco Paid Q4,Paid Social,CN,HKG-CDG,Economy,2023-12-09,2024-01-04,26,240826,6966741,133064,0.0191,0.0196,2608,58254896,241.9,92,22337
CAMP00350,TH LHR Eco YouTube Q4,YouTube / Video,TH,HKG-LHR,Economy,2024-01-02,2024-01-19,17,194497,10076473,33252,0.0033,0.015,498,3121962,16.05,391,6269
CAMP00351,KR LAX Pre Paid Q2,Paid Search,KR,HKG-LAX,Premium Economy,2024-05-25,2024-06-21,27,472330,12890366,229448,0.0178,0.0219,5000,52030000,110.16,94,10406
CAMP00352,TH FRA Pre Programmatic Q2,Programmatic Display,TH,HKG-FRA,Premium Economy,2024-04-30,2024-05-13,13,39070,1624605,19332,0.0119,0.0222,429,1482195,37.94,91,3455
CAMP00353,UK MEL Eco Email Q2,Email CRM,UK,HKG-MEL,Economy,2023-11-12,2023-11-23,11,37776,830865,6314,0.0076,0.0251,158,2834362,75.03,239,17939
CAMP00354,UK NRT Eco Organic Q3,Organic Search,UK,HKG-NRT,Economy,2023-07-30,2023-09-13,45,9752,228008,10419,0.0457,0.0294,306,5625504,576.86,32,18384
CAMP00355,KR FRA Fir Organic Q1,Organic Search,KR,HKG-FRA,First,2023-09-08,2023-09-19,11,4412,148484,4202,0.0283,0.026,109,2141196,485.31,40,19644
CAMP00356,UK LAX Pre Paid Q2,Paid Social,UK,HKG-LAX,Premium Economy,2023-10-07,2023-11-13,37,45312,1107444,32780,0.0296,0.0105,344,3022384,66.7,132,8786
CAMP00357,HK SYD Bus Organic Q1,Organic Search,HK,HKG-SYD,Business,2023-05-30,2023-07-17,48,8766,420522,8957,0.0213,0.0108,96,980928,111.9,91,10218
CAMP00358,CN JFK Bus Paid Q1,Paid Search,CN,HKG-JFK,Business,2024-03-01,2024-04-15,45,134288,4510790,103297,0.0229,0.0174,1797,42477486,316.32,75,23638
CAMP00359,KR LAX Bus Affiliate Q2,Affiliate,KR,HKG-LAX,Business,2023-05-22,2023-06-21,30,57471,3210799,117515,0.0366,0.0144,1692,35660592,620.5,34,21076
CAMP00360,TH JFK Bus Out-of-Home Q3,Out-of-Home,TH,HKG-JFK,Business,2024-03-17,2024-04-03,17,986082,22191337,545906,0.0246,0.0089,4858,18542986,18.8,203,3817
CAMP00361,TH JFK Pre Organic Q4,Organic Search,TH,HKG-JFK,Premium Economy,2024-05-26,2024-07-21,56,7447,173497,5447,0.0314,0.0145,78,1421238,190.85,95,18221
CAMP00362,AU LAX Fir Paid Q1,Paid Social,AU,HKG-LAX,First,2024-10-16,2024-12-06,51,42505,922297,20843,0.0226,0.0142,295,6159600,144.91,144,20880
CAMP00363,TW NRT Pre Organic Q1,Organic Search,TW,HKG-NRT,Premium Economy,2023-03-22,2023-04-30,39,8205,181932,3802,0.0209,0.0126,47,719241,87.66,175,15303
CAMP00364,KR CDG Fir Paid Q2,Paid Search,KR,HKG-CDG,First,2024-05-31,2024-06-11,11,122558,2533035,20517,0.0081,0.0155,318,5430486,44.31,385,17077
CAMP00365,CN LHR Pre YouTube Q3,YouTube / Video,CN,HKG-LHR,Premium Economy,2023-02-28,2023-03-08,8,619534,32379629,42093,0.0013,0.0274,1153,3483213,5.62,537,3021
CAMP00366,KR SIN Eco Email Q4,Email CRM,KR,HKG-SIN,Economy,2023-08-18,2023-09-10,23,32942,696846,15260,0.0219,0.0196,299,1094639,33.23,110,3661
CAMP00367,KR YVR Fir Programmatic Q3,Programmatic Display,KR,HKG-YVR,First,2023-04-30,2023-05-15,15,71813,2186186,56184,0.0257,0.0378,2123,8005833,111.48,34,3771
CAMP00368,SG MNL Eco Paid Q3,Paid Search,SG,HKG-MNL,Economy,2023-04-21,2023-06-12,52,240624,8945195,85873,0.0096,0.0194,1665,10817505,44.96,145,6497
CAMP00369,HK DXB Fir Out-of-Home Q1,Out-of-Home,HK,HKG-DXB,First,2023-04-30,2023-05-17,17,206059,6356911,156380,0.0246,0.0157,2455,60881545,295.46,84,24799
CAMP00370,SG MEL Eco Programmatic Q1,Programmatic Display,SG,HKG-MEL,Economy,2023-01-30,2023-02-20,21,197621,8336998,213427,0.0256,0.018,3841,65124155,329.54,51,16955
CAMP00371,UK LAX Eco Affiliate Q1,Affiliate,UK,HKG-LAX,Economy,2024-07-13,2024-09-09,58,31450,1459930,1459,0.001,0.0201,29,586090,18.64,1084,20210
CAMP00372,AU YVR Bus Email Q3,Email CRM,AU,HKG-YVR,Business,2023-02-11,2023-04-02,50,18890,961197,13456,0.014,0.0215,289,2746078,145.37,65,9502
CAMP00373,AU YVR Fir Programmatic Q2,Programmatic Display,AU,HKG-YVR,First,2023-09-28,2023-10-16,18,110517,8311348,248509,0.0299,0.0346,5000,118130000,1068.89,22,23626
CAMP00374,CN MEL Pre Organic Q1,Organic Search,CN,HKG-MEL,Premium Economy,2024-04-20,2024-05-17,27,6723,225131,6663,0.0296,0.0112,74,545824,81.19,91,7376
CAMP00375,US MNL Eco Paid Q3,Paid Search,US,HKG-MNL,Economy,2024-11-04,2024-12-08,34,277374,6094729,68260,0.0112,0.0249,1699,38822150,139.96,163,22850
CAMP00376,US MNL Eco Affiliate Q4,Affiliate,US,HKG-MNL,Economy,2024-08-03,2024-09-14,42,55462,1575352,42376,0.0269,0.0197,834,3066618,55.29,67,3677
CAMP00377,TW TPE Fir Affiliate Q2,Affiliate,TW,HKG-TPE,First,2023-04-04,2023-05-30,56,62437,2024610,75517,0.0373,0.0054,407,1403743,22.48,153,3449
CAMP00378,US FRA Bus Email Q4,Email CRM,US,HKG-FRA,Business,2024-11-02,2024-12-25,53,43596,1606117,55089,0.0343,0.0242,1333,6311755,144.78,33,4735
CAMP00379,CN CDG Eco Programmatic Q3,Programmatic Display,CN,HKG-CDG,Economy,2024-03-20,2024-05-17,58,91118,3188612,76207,0.0239,0.0281,2141,43719220,479.81,43,20420
CAMP00380,HK MNL Pre Paid Q3,Paid Search,HK,HKG-MNL,Premium Economy,2023-05-03,2023-05-12,9,424458,23104666,448230,0.0194,0.0111,4975,43103400,101.55,85,8664
CAMP00381,KR SIN Pre Organic Q4,Organic Search,KR,HKG-SIN,Premium Economy,2023-11-02,2023-11-21,19,7868,183328,3189,0.0174,0.0179,57,736725,93.64,138,12925
CAMP00382,SG LAX Eco Organic Q1,Organic Search,SG,HKG-LAX,Economy,2024-09-16,2024-10-22,36,9610,535814,16395,0.0306,0.0042,68,909024,94.59,141,13368
CAMP00383,AU MEL Fir Paid Q4,Paid Social,AU,HKG-MEL,First,2023-09-25,2023-10-04,9,276551,7152505,195263,0.0273,0.0079,1542,31410540,113.58,179,20370
CAMP00384,KR LAX Bus Paid Q4,Paid Search,KR,HKG-LAX,Business,2023-05-05,2023-05-30,25,409181,10128392,330185,0.0326,0.0264,5000,53360000,130.41,82,10672
CAMP00385,TW NRT Eco Paid Q4,Paid Search,TW,HKG-NRT,Economy,2024-08-18,2024-09-02,15,161026,4880350,129817,0.0266,0.0143,1856,5840832,36.27,87,3147
CAMP00386,HK CDG Bus Paid Q3,Paid Search,HK,HKG-CDG,Business,2024-10-10,2024-12-05,56,398433,8950120,311464,0.0348,0.0091,2834,32596668,81.81,141,11502
CAMP00387,AU SIN Pre Out-of-Home Q4,Out-of-Home,AU,HKG-SIN,Premium Economy,2024-10-25,2024-11-04,10,762870,35249491,920011,0.0261,0.0198,5000,46700000,61.22,153,9340
CAMP00388,HK MEL Eco Organic Q4,Organic Search,HK,HKG-MEL,Economy,2024-10-11,2024-10-25,14,2895,63957,2200,0.0344,0.0138,30,572370,197.71,96,19079
CAMP00389,UK MEL Pre Paid Q4,Paid Social,UK,HKG-MEL,Premium Economy,2024-08-16,2024-09-02,17,213052,5438271,192514,0.0354,0.0142,2733,53372757,250.52,78,19529
CAMP00390,HK SIN Eco Affiliate Q4,Affiliate,HK,HKG-SIN,Economy,2023-11-06,2023-11-20,14,32767,781096,11950,0.0153,0.0239,285,1431555,43.69,115,5023
CAMP00391,TW FRA Eco Paid Q4,Paid Social,TW,HKG-FRA,Economy,2023-05-11,2023-06-17,37,171234,4680674,15446,0.0033,0.0087,134,2739764,16.0,1278,20446
CAMP00392,US MNL Fir Programmatic Q2,Programmatic Display,US,HKG-MNL,First,2024-02-24,2024-03-21,26,163414,3726342,162095,0.0435,0.0108,1750,7962500,48.73,93,4550
CAMP00393,TH TPE Bus YouTube Q3,YouTube / Video,TH,HKG-TPE,Business,2023-05-31,2023-07-25,55,215741,4338773,121919,0.0281,0.0192,2340,38921220,180.41,92,16633
CAMP00394,TW NRT Eco Affiliate Q2,Affiliate,TW,HKG-NRT,Economy,2023-11-18,2023-12-08,20,40325,1504298,6618,0.0044,0.0258,170,1965880,48.75,237,11564
CAMP00395,CN CDG Fir Out-of-Home Q4,Out-of-Home,CN,HKG-CDG,First,2024-03-22,2024-04-26,35,815709,19167613,314348,0.0164,0.0279,5000,48135000,59.01,163,9627
CAMP00396,US DXB Bus Paid Q4,Paid Search,US,HKG-DXB,Business,2024-10-05,2024-11-15,41,254206,6389784,219169,0.0343,0.0127,2783,37932290,149.22,91,13630
CAMP00397,HK DXB Fir Paid Q4,Paid Social,HK,HKG-DXB,First,2023-07-16,2023-08-25,40,289369,10292405,222315,0.0216,0.0255,5000,49135000,169.8,58,9827
CAMP00398,HK LHR Bus Programmatic Q3,Programmatic Display,HK,HKG-LHR,Business,2023-06-21,2023-08-09,49,21432,455244,8604,0.0189,0.0117,100,2046500,95.49,214,20465
CAMP00399,CN SIN Pre Programmatic Q2,Programmatic Display,CN,HKG-SIN,Premium Economy,2024-05-14,2024-05-31,17,149930,5816417,243126,0.0418,0.0326,5000,121340000,809.31,30,24268
CAMP00400,HK ICN Bus Organic Q1,Organic Search,HK,HKG-ICN,Business,2023-01-05,2023-02-07,33,8141,249581,3094,0.0124,0.0089,27,565569,69.47,302,20947
CAMP00401,HK NRT Bus Out-of-Home Q3,Out-of-Home,HK,HKG-NRT,Business,2024-01-21,2024-03-10,49,926073,65043748,1001673,0.0154,0.0286,5000,63310000,68.36,185,12662
CAMP00402,UK SIN Bus Programmatic Q3,Programmatic Display,UK,HKG-SIN,Business,2024-05-22,2024-07-13,52,48215,2533496,69671,0.0275,0.0127,884,12439648,258.0,55,14072
CAMP00403,KR SIN Eco Organic Q3,Organic Search,KR,HKG-SIN,Economy,2024-01-10,2024-02-18,39,9841,225566,6699,0.0297,0.0341,228,2926608,297.39,43,12836
CAMP00404,SG SYD Pre Email Q3,Email CRM,SG,HKG-SYD,Premium Economy,2023-09-19,2023-10-30,41,22652,875875,27152,0.031,0.0227,616,12601512,556.31,37,20457
CAMP00405,TW SYD Eco YouTube Q4,YouTube / Video,TW,HKG-SYD,Economy,2024-07-17,2024-09-07,52,333476,12943806,464682,0.0359,0.0099,4600,69694600,208.99,72,15151
CAMP00406,SG LAX Pre Email Q1,Email CRM,SG,HKG-LAX,Premium Economy,2023-09-10,2023-10-20,40,20999,1058457,29001,0.0274,0.0138,400,5319200,253.31,52,13298
CAMP00407,AU MEL Eco Paid Q2,Paid Social,AU,HKG-MEL,Economy,2024-04-28,2024-06-24,57,202320,6820293,210747,0.0309,0.0242,5000,60045000,296.78,40,12009
CAMP00408,JP LHR Eco Organic Q3,Organic Search,JP,HKG-LHR,Economy,2023-11-12,2023-11-25,13,6592,156087,3418,0.0219,0.0264,90,1012590,153.61,73,11251
CAMP00409,HK SIN Fir Paid Q4,Paid Search,HK,HKG-SIN,First,2023-01-19,2023-02-13,25,263269,5747407,148283,0.0258,0.0174,2580,39107640,148.55,102,15158
CAMP00410,TW LHR Eco Paid Q4,Paid Social,TW,HKG-LHR,Economy,2023-12-27,2024-01-08,12,49179,3840735,101011,0.0263,0.0184,1858,33735706,685.98,26,18157
CAMP00411,AU CDG Fir Paid Q4,Paid Social,AU,HKG-CDG,First,2023-02-03,2023-02-14,11,296389,8983436,247942,0.0276,0.0241,5000,62555000,211.06,59,12511
CAMP00412,JP NRT Eco Programmatic Q4,Programmatic Display,JP,HKG-NRT,Economy,2024-09-25,2024-10-27,32,59978,2090486,71703,0.0343,0.0191,1369,28401274,473.53,44,20746
CAMP00413,TH TPE Fir Paid Q4,Paid Social,TH,HKG-TPE,First,2024-02-14,2024-03-03,18,55328,1600403,50732,0.0317,0.0077,390,8262930,149.34,142,21187
CAMP00414,US CDG Pre Paid Q3,Paid Search,US,HKG-CDG,Premium Economy,2023-09-10,2023-10-08,28,318822,11430987,291490,0.0255,0.0115,3352,41695528,130.78,95,12439
CAMP00415,SG TPE Bus Affiliate Q1,Affiliate,SG,HKG-TPE,Business,2023-11-27,2023-12-27,30,47113,1815824,27782,0.0153,0.0199,552,12695448,269.47,85,22999
CAMP00416,US DXB Pre Organic Q3,Organic Search,US,HKG-DXB,Premium Economy,2024-02-26,2024-04-05,39,6155,213158,5499,0.0258,0.0277,152,1034512,168.08,40,6806
CAMP00417,TW YVR Pre Paid Q3,Paid Search,TW,HKG-YVR,Premium Economy,2023-06-26,2023-08-22,57,443992,13341119,329525,0.0247,0.0309,5000,117530000,264.71,89,23506
CAMP00418,UK ICN Pre Programmatic Q1,Programmatic Display,UK,HKG-ICN,Premium Economy,2023-07-16,2023-09-06,52,37518,1248962,34096,0.0273,0.0242,825,7812750,208.24,45,9470
CAMP00419,CN FRA Bus YouTube Q4,YouTube / Video,CN,HKG-FRA,Business,2023-10-12,2023-11-08,27,284516,9849691,507259,0.0515,0.0203,5000,77070000,270.88,57,15414
CAMP00420,KR MNL Pre Organic Q3,Organic Search,KR,HKG-MNL,Premium Economy,2023-06-25,2023-07-19,24,5165,120922,2261,0.0187,0.024,54,498852,96.58,96,9238
CAMP00421,US MNL Bus Affiliate Q4,Affiliate,US,HKG-MNL,Business,2024-05-30,2024-07-16,47,80901,2031365,61144,0.0301,0.0127,776,9876152,122.08,104,12727
CAMP00422,SG CDG Fir Out-of-Home Q1,Out-of-Home,SG,HKG-CDG,First,2023-03-12,2023-03-25,13,640578,27079865,1023618,0.0378,0.0168,5000,52405000,81.81,128,10481
CAMP00423,AU BKK Pre YouTube Q4,YouTube / Video,AU,HKG-BKK,Premium Economy,2024-07-16,2024-08-20,35,355603,8462087,221706,0.0262,0.0114,2527,46787405,131.57,141,18515
CAMP00424,UK NRT Pre Email Q2,Email CRM,UK,HKG-NRT,Premium Economy,2023-08-25,2023-09-23,29,32452,735105,39034,0.0531,0.008,312,1493232,46.01,104,4786
CAMP00425,TH ICN Eco Paid Q3,Paid Social,TH,HKG-ICN,Economy,2024-01-17,2024-02-02,16,294594,18252768,374181,0.0205,0.0207,5000,107215000,363.94,59,21443
CAMP00426,US BKK Pre Out-of-Home Q3,Out-of-Home,US,HKG-BKK,Premium Economy,2023-04-18,2023-05-27,39,532048,15973916,461646,0.0289,0.0195,5000,114420000,215.06,106,22884
CAMP00427,JP MEL Eco Out-of-Home Q3,Out-of-Home,JP,HKG-MEL,Economy,2023-09-20,2023-10-13,23,895176,41806274,643816,0.0154,0.0235,5000,76925000,85.93,179,15385
CAMP00428,SG SIN Eco Paid Q4,Paid Search,SG,HKG-SIN,Economy,2024-05-28,2024-06-13,16,400980,10134230,210791,0.0208,0.0224,4721,71003840,177.08,85,15040
CAMP00429,US TPE Fir Affiliate Q1,Affiliate,US,HKG-TPE,First,2023-07-04,2023-08-14,41,37118,1898481,53157,0.028,0.0199,1057,19447743,523.94,35,18399
CAMP00430,US FRA Eco Paid Q3,Paid Search,US,HKG-FRA,Economy,2023-03-31,2023-04-16,16,162276,4402956,154984,0.0352,0.0225,3487,25730573,158.56,47,7379
CAMP00431,CN SYD Pre Affiliate Q4,Affiliate,CN,HKG-SYD,Premium Economy,2023-12-21,2024-02-01,42,79317,3925615,113057,0.0288,0.0177,2001,39007494,491.79,40,19494
CAMP00432,UK SYD Fir Out-of-Home Q1,Out-of-Home,UK,HKG-SYD,First,2023-04-21,2023-05-06,15,286731,9417767,377652,0.0401,0.0213,5000,39050000,136.19,57,7810
CAMP00433,CN CDG Fir Paid Q2,Paid Social,CN,HKG-CDG,First,2023-08-03,2023-09-02,30,120951,2522657,60291,0.0239,0.0122,735,13141800,108.65,165,17880
CAMP00434,SG SIN Eco Email Q2,Email CRM,SG,HKG-SIN,Economy,2023-11-03,2023-12-22,49,15592,617448,12966,0.021,0.021,272,2644384,169.6,57,9722
CAMP00435,TH JFK Eco Paid Q3,Paid Search,TH,HKG-JFK,Economy,2024-01-19,2024-02-07,19,322863,7170026,411559,0.0574,0.0233,5000,97070000,300.65,65,19414
CAMP00436,AU YVR Pre YouTube Q4,YouTube / Video,AU,HKG-YVR,Premium Economy,2024-03-10,2024-04-26,47,291780,5897192,175146,0.0297,0.0126,2206,45009018,154.26,132,20403
CAMP00437,AU DXB Bus Organic Q4,Organic Search,AU,HKG-DXB,Business,2024-04-05,2024-05-20,45,6584,146330,2399,0.0164,0.0184,44,333960,50.72,150,7590
CAMP00438,SG SIN Fir Paid Q4,Paid Search,SG,HKG-SIN,First,2024-07-28,2024-09-20,54,470679,28295109,472528,0.0167,0.013,5000,82915000,176.16,94,16583
CAMP00439,US MNL Eco Email Q2,Email CRM,US,HKG-MNL,Economy,2023-02-14,2023-03-01,15,42331,989358,13554,0.0137,0.0138,187,2611268,61.69,226,13964
CAMP00440,CN TPE Eco Organic Q3,Organic Search,CN,HKG-TPE,Economy,2023-09-04,2023-10-18,44,9479,839891,30404,0.0362,0.009,273,2584764,272.68,35,9468
CAMP00441,SG FRA Pre Programmatic Q1,Programmatic Display,SG,HKG-FRA,Premium Economy,2023-01-01,2023-02-26,56,24401,948271,19534,0.0206,0.0281,548,8735668,358.0,45,15941
CAMP00442,TH MNL Fir Paid Q2,Paid Social,TH,HKG-MNL,First,2023-01-07,2023-02-23,47,152972,3412319,90426,0.0265,0.0265,2396,59511848,389.04,64,24838
CAMP00443,SG YVR Eco Email Q1,Email CRM,SG,HKG-YVR,Economy,2023-05-25,2023-06-10,16,14907,396989,9607,0.0242,0.0223,214,653556,43.84,70,3054
CAMP00444,AU SYD Pre YouTube Q1,YouTube / Video,AU,HKG-SYD,Premium Economy,2024-02-11,2024-04-01,50,740865,23662537,799793,0.0338,0.0338,5000,120255000,162.32,148,24051
CAMP00445,AU LHR Eco Affiliate Q4,Affiliate,AU,HKG-LHR,Economy,2024-08-31,2024-09-12,12,74072,2903126,42966,0.0148,0.0165,708,15456348,208.67,105,21831
CAMP00446,TH MNL Eco Programmatic Q4,Programmatic Display,TH,HKG-MNL,Economy,2024-06-10,2024-07-18,38,77639,1827149,22108,0.0121,0.0423,935,13694010,176.38,83,14646
CAMP00447,AU MNL Fir Organic Q3,Organic Search,AU,HKG-MNL,First,2024-03-15,2024-04-17,33,5635,146812,4066,0.0277,0.0162,65,1067300,189.41,87,16420
CAMP00448,TH TPE Eco YouTube Q1,YouTube / Video,TH,HKG-TPE,Economy,2024-06-13,2024-07-18,35,515911,17953340,578097,0.0322,0.02,5000,55610000,107.79,103,11122
CAMP00449,UK JFK Pre Programmatic Q1,Programmatic Display,UK,HKG-JFK,Premium Economy,2023-04-27,2023-05-31,34,109208,2389704,69301,0.029,0.0148,1025,5986000,54.81,107,5840
CAMP00450,HK SIN Fir Organic Q1,Organic Search,HK,HKG-SIN,First,2024-07-25,2024-08-02,8,4743,247058,3779,0.0153,0.021,79,1230188,259.37,60,15572
CAMP00451,JP LHR Bus Organic Q3,Organic Search,JP,HKG-LHR,Business,2024-08-28,2024-09-30,33,552,32826,1086,0.0331,0.0247,26,544934,987.2,21,20959
CAMP00452,CN LHR Eco Email Q1,Email CRM,CN,HKG-LHR,Economy,2023-03-06,2023-05-01,56,25360,710122,11432,0.0161,0.0171,195,1576380,62.16,130,8084
CAMP00453,SG NRT Pre Paid Q2,Paid Search,SG,HKG-NRT,Premium Economy,2023-11-16,2023-12-16,30,206724,4229233,79086,0.0187,0.0322,2546,47801150,231.23,81,18775
CAMP00454,TW CDG Fir YouTube Q4,YouTube / Video,TW,HKG-CDG,First,2024-07-18,2024-08-08,21,669140,33641586,460889,0.0137,0.0199,5000,97285000,145.39,134,19457
CAMP00455,CN LHR Pre YouTube Q4,YouTube / Video,CN,HKG-LHR,Premium Economy,2023-11-20,2024-01-18,59,702872,35166783,1427771,0.0406,0.0202,5000,98410000,140.01,141,19682
CAMP00456,SG MNL Bus Paid Q4,Paid Social,SG,HKG-MNL,Business,2024-07-25,2024-08-06,12,232612,14930211,486724,0.0326,0.0107,5000,52400000,225.27,47,10480
CAMP00457,CN YVR Bus Affiliate Q2,Affiliate,CN,HKG-YVR,Business,2024-09-28,2024-10-30,32,12780,287691,9292,0.0323,0.0213,197,2289928,179.18,65,11624
CAMP00458,TH NRT Bus Out-of-Home Q3,Out-of-Home,TH,HKG-NRT,Business,2023-11-19,2023-12-23,34,857104,44978401,1799136,0.04,0.0169,5000,60780000,70.91,171,12156
CAMP00459,SG FRA Eco Paid Q1,Paid Search,SG,HKG-FRA,Economy,2023-02-10,2023-03-14,32,228396,7581071,445766,0.0588,0.0131,5000,108960000,477.07,46,21792
CAMP00460,AU TPE Fir Affiliate Q4,Affiliate,AU,HKG-TPE,First,2023-08-20,2023-10-14,55,47473,956443,4303,0.0045,0.0118,50,1140450,24.02,949,22809
CAMP00461,SG SIN Fir Paid Q1,Paid Social,SG,HKG-SIN,First,2023-05-27,2023-06-25,29,285190,27198159,437890,0.0161,0.0394,5000,60540000,212.28,57,12108
CAMP00462,KR LHR Eco Affiliate Q3,Affiliate,KR,HKG-LHR,Economy,2023-11-19,2024-01-16,58,88056,2729619,48041,0.0176,0.0159,763,18570657,210.9,115,24339
CAMP00463,UK LHR Fir Email Q3,Email CRM,UK,HKG-LHR,First,2024-02-03,2024-02-13,10,7289,239049,3537,0.0148,0.0063,22,342122,46.94,331,15551
CAMP00464,TH ICN Fir Paid Q4,Paid Search,TH,HKG-ICN,First,2023-11-12,2023-12-27,45,211924,5010272,60624,0.0121,0.0124,751,8614721,40.65,282,11471
CAMP00465,US JFK Bus Organic Q2,Organic Search,US,HKG-JFK,Business,2023-05-13,2023-06-20,38,7497,309649,6626,0.0214,0.0176,116,349624,46.64,65,3014
CAMP00466,CN DXB Pre Paid Q1,Paid Social,CN,HKG-DXB,Premium Economy,2023-07-24,2023-08-12,19,175488,6643836,69095,0.0104,0.0224,1547,25437321,144.95,113,16443
CAMP00467,JP LAX Pre YouTube Q4,YouTube / Video,JP,HKG-LAX,Premium Economy,2024-04-07,2024-04-26,19,265481,15880406,460531,0.029,0.0224,5000,85935000,323.7,53,17187
CAMP00468,TH TPE Fir Paid Q3,Paid Social,TH,HKG-TPE,First,2023-01-19,2023-03-05,45,171689,4332013,110899,0.0256,0.0234,2595,63068880,367.34,66,24304
CAMP00469,HK LHR Eco Organic Q2,Organic Search,HK,HKG-LHR,Economy,2023-05-26,2023-07-05,40,8666,209382,6448,0.0308,0.0128,82,1541518,177.88,106,18799
CAMP00470,UK MEL Fir Affiliate Q2,Affiliate,UK,HKG-MEL,First,2024-08-29,2024-10-07,39,30096,1945878,60516,0.0311,0.0207,1252,4572304,151.92,24,3652
CAMP00471,SG BKK Fir Out-of-Home Q2,Out-of-Home,SG,HKG-BKK,First,2023-03-09,2023-03-18,9,771461,29973289,965139,0.0322,0.011,5000,77380000,100.3,154,15476
CAMP00472,SG YVR Bus Email Q2,Email CRM,SG,HKG-YVR,Business,2023-10-10,2023-11-17,38,38064,832615,17068,0.0205,0.013,221,4274361,112.29,172,19341
CAMP00473,SG NRT Pre Email Q2,Email CRM,SG,HKG-NRT,Premium Economy,2023-05-21,2023-07-19,59,44856,4437545,224096,0.0505,0.0107,2397,33375828,744.07,19,13924
CAMP00474,AU MNL Bus Affiliate Q2,Affiliate,AU,HKG-MNL,Business,2023-03-13,2023-03-20,7,36814,1677147,46624,0.0278,0.0085,396,4928220,133.87,93,12445
CAMP00475,UK SIN Eco Out-of-Home Q2,Out-of-Home,UK,HKG-SIN,Economy,2023-10-15,2023-11-15,31,294332,9140265,24678,0.0027,0.0265,653,13594154,46.19,451,20818
CAMP00476,HK FRA Fir Out-of-Home Q1,Out-of-Home,HK,HKG-FRA,First,2023-12-21,2024-01-23,33,592889,25376443,329893,0.013,0.0235,5000,82250000,138.73,119,16450
CAMP00477,US LAX Pre Paid Q4,Paid Search,US,HKG-LAX,Premium Economy,2023-04-30,2023-06-23,54,289081,13843677,56759,0.0041,0.0258,1464,26337360,91.11,197,17990
CAMP00478,JP NRT Eco Affiliate Q1,Affiliate,JP,HKG-NRT,Economy,2023-02-22,2023-03-15,21,46858,1649842,41576,0.0252,0.0183,760,10039600,214.26,62,13210
CAMP00479,US YVR Fir Paid Q1,Paid Search,US,HKG-YVR,First,2023-04-02,2023-05-04,32,400671,23212603,545496,0.0235,0.0242,5000,45585000,113.77,80,9117
CAMP00480,US SYD Bus Programmatic Q1,Programmatic Display,US,HKG-SYD,Business,2024-03-19,2024-05-03,45,163828,5253421,101916,0.0194,0.0039,397,5724740,34.94,413,14420
CAMP00481,TW LHR Bus Out-of-Home Q4,Out-of-Home,TW,HKG-LHR,Business,2024-08-07,2024-08-17,10,321129,8391616,412028,0.0491,0.0249,5000,120495000,375.22,64,24099
CAMP00482,US SIN Eco Programmatic Q2,Programmatic Display,US,HKG-SIN,Economy,2023-05-03,2023-06-21,49,163195,4943535,156215,0.0316,0.0194,3030,49261740,301.86,54,16258
CAMP00483,CN JFK Fir Out-of-Home Q2,Out-of-Home,CN,HKG-JFK,First,2023-08-06,2023-09-25,50,307671,22417854,755481,0.0337,0.023,5000,92795000,301.6,62,18559
CAMP00484,US YVR Bus Email Q2,Email CRM,US,HKG-YVR,Business,2023-08-22,2023-10-06,45,23343,533233,7358,0.0138,0.021,154,882420,37.8,152,5730
CAMP00485,CN ICN Fir Paid Q1,Paid Social,CN,HKG-ICN,First,2023-09-03,2023-10-14,41,37339,2196526,28554,0.013,0.0101,288,7123392,190.78,130,24734
CAMP00486,CN SYD Fir Programmatic Q2,Programmatic Display,CN,HKG-SYD,First,2023-06-16,2023-08-01,46,81270,2002094,50853,0.0254,0.006,305,2556815,31.46,266,8383
CAMP00487,JP LHR Eco YouTube Q1,YouTube / Video,JP,HKG-LHR,Economy,2023-02-07,2023-03-27,48,770131,31533532,854558,0.0271,0.0123,5000,121835000,158.2,154,24367
CAMP00488,UK JFK Eco Out-of-Home Q4,Out-of-Home,UK,HKG-JFK,Economy,2023-12-24,2024-02-16,54,498306,12062467,32568,0.0027,0.0225,732,9373992,18.81,681,12806
CAMP00489,TW FRA Fir YouTube Q1,YouTube / Video,TW,HKG-FRA,First,2023-09-01,2023-09-30,29,591212,32393551,738572,0.0228,0.0235,5000,116080000,196.34,118,23216
CAMP00490,JP SIN Bus Organic Q2,Organic Search,JP,HKG-SIN,Business,2023-08-21,2023-09-21,31,1079,61775,1556,0.0252,0.0071,11,248809,230.59,98,22619
CAMP00491,US FRA Pre Out-of-Home Q4,Out-of-Home,US,HKG-FRA,Premium Economy,2023-06-30,2023-08-09,40,672004,22489315,503760,0.0224,0.0102,5000,98090000,145.97,134,19618
CAMP00492,AU LHR Pre Out-of-Home Q4,Out-of-Home,AU,HKG-LHR,Premium Economy,2024-09-23,2024-10-10,17,434417,38384738,583448,0.0152,0.0122,5000,115800000,266.56,87,23160
CAMP00493,SG SIN Bus YouTube Q3,YouTube / Video,SG,HKG-SIN,Business,2024-02-20,2024-04-12,52,615676,32383728,599098,0.0185,0.0151,5000,82035000,133.24,123,16407
CAMP00494,US YVR Fir Programmatic Q1,Programmatic Display,US,HKG-YVR,First,2023-10-12,2023-11-28,47,187043,4800837,109939,0.0229,0.0071,780,16904940,90.38,240,21673
CAMP00495,CN YVR Eco Email Q2,Email CRM,CN,HKG-YVR,Economy,2023-05-20,2023-06-29,40,28922,664944,17355,0.0261,0.0066,114,773718,26.75,254,6787
CAMP00496,US CDG Bus Paid Q1,Paid Search,US,HKG-CDG,Business,2024-06-28,2024-07-20,22,96272,7276017,235015,0.0323,0.0114,2679,12178734,126.5,36,4546
CAMP00497,JP TPE Fir Programmatic Q3,Programmatic Display,JP,HKG-TPE,First,2024-08-27,2024-09-21,25,105704,2334292,88703,0.038,0.0187,1658,24792074,234.54,64,14953
CAMP00498,TH FRA Pre Organic Q2,Organic Search,TH,HKG-FRA,Premium Economy,2023-01-22,2023-02-21,30,1231,29378,631,0.0215,0.0086,5,104080,84.55,246,20816
CAMP00499,US ICN Pre Email Q3,Email CRM,US,HKG-ICN,Premium Economy,2024-09-24,2024-11-05,42,25228,563283,10984,0.0195,0.0171,187,3709706,147.05,135,19838
